,S2,S2_conf
"('(0, 1)', '(0, 2)')",0.26806168165738625,0.6878176585212153
"('(0, 1)', '(0, 3)')",0.22002475690256007,0.792882687965462
"('(0, 1)', '(0, 4)')",0.36378551844245666,0.700921143196836
"('(0, 1)', '(0, 5)')",0.04640318001498085,0.30465059115133974
"('(0, 1)', '(1, -5)')",0.16472799916947026,0.5840127101763647
"('(0, 1)', '(1, -4)')",0.2781975257356605,0.5323382086085541
"('(0, 1)', '(1, -3)')",0.39107180008449005,0.6078717405678099
"('(0, 1)', '(1, -2)')",0.2777340655860797,0.5899205448947958
"('(0, 1)', '(1, -1)')",0.40320161565531804,0.7946240658497822
"('(0, 1)', '(1, 0)')",0.2128956135715614,0.7020914716826672
"('(0, 1)', '(1, 1)')",0.22362054275326065,0.758182028754762
"('(0, 1)', '(1, 2)')",0.29724681125240315,0.6962101529821202
"('(0, 1)', '(1, 3)')",0.2043226391288899,0.7017051858679124
"('(0, 1)', '(1, 4)')",0.25523953709329866,0.656460801008671
"('(0, 1)', '(1, 5)')",0.34205286825320974,0.5993132942023592
"('(0, 1)', '(2, -5)')",0.09248091325453656,0.34358277585146896
"('(0, 1)', '(2, -4)')",0.2862674542815685,0.5070396477851288
"('(0, 1)', '(2, -3)')",0.2669446597839901,0.7189040081433673
"('(0, 1)', '(2, -2)')",0.3298075047298582,0.6204090822269334
"('(0, 1)', '(2, -1)')",0.11926378956283294,0.6376815531427279
"('(0, 1)', '(2, 0)')",0.3813255907081726,0.7357123314589777
"('(0, 1)', '(2, 1)')",0.3828877604457538,0.7177753428138323
"('(0, 1)', '(2, 2)')",0.0006152303748944432,0.38807191371249367
"('(0, 1)', '(2, 3)')",0.4409497784548308,0.731423707993096
"('(0, 1)', '(2, 4)')",0.27698834629461644,0.575352325358631
"('(0, 1)', '(2, 5)')",0.22066592985046746,0.6388935657882349
"('(0, 1)', '(3, -5)')",0.368831007917364,0.6983099745868319
"('(0, 1)', '(3, -4)')",0.22388563467943745,0.5899538892583831
"('(0, 1)', '(3, -3)')",0.3527258472834037,0.6256964634286005
"('(0, 1)', '(3, -2)')",0.36793386181629273,0.7049102257979898
"('(0, 1)', '(3, -1)')",0.48158665786002064,0.7860368915827429
"('(0, 1)', '(3, 0)')",0.3785174613211352,0.694426769841281
"('(0, 1)', '(3, 1)')",0.3135974792572165,0.6708427949557519
"('(0, 1)', '(3, 2)')",0.3865185976265764,0.6843547912717655
"('(0, 1)', '(3, 3)')",0.28904626137726086,0.6898670223641945
"('(0, 1)', '(3, 4)')",0.41457825066594595,0.7637035899607589
"('(0, 1)', '(3, 5)')",0.18197361853615296,0.5067484099213003
"('(0, 1)', '(4, -5)')",0.1924615457525358,0.6609751547750722
"('(0, 1)', '(4, -4)')",0.1570937545961584,0.5215225719616899
"('(0, 1)', '(4, -3)')",0.06859462176376752,0.35852083695560594
"('(0, 1)', '(4, -2)')",-0.1225744386957815,0.5404691909365323
"('(0, 1)', '(4, -1)')",0.29141397637727284,0.6315619860382231
"('(0, 1)', '(4, 0)')",0.37522489950850274,0.6348875405576178
"('(0, 1)', '(4, 1)')",0.25175440570302654,0.5609275328884574
"('(0, 1)', '(4, 2)')",0.2691675969563212,0.5702350009223575
"('(0, 1)', '(4, 3)')",0.4172999212680301,0.6510726110621585
"('(0, 1)', '(4, 4)')",0.16308356965285423,0.552047957167549
"('(0, 1)', '(4, 5)')",-0.015264176252304251,0.3805757066567611
"('(0, 2)', '(0, 3)')",0.43328895669859796,0.37868138203506824
"('(0, 2)', '(0, 4)')",0.49390905238340754,0.34747096454344617
"('(0, 2)', '(0, 5)')",0.41544121360997793,0.18541159387104575
"('(0, 2)', '(1, -5)')",0.45281573098887107,0.34144980474535047
"('(0, 2)', '(1, -4)')",0.40799735870568676,0.2725398422035567
"('(0, 2)', '(1, -3)')",0.4857328724469412,0.33236443370794927
"('(0, 2)', '(1, -2)')",0.4785079440607357,0.3306200197948405
"('(0, 2)', '(1, -1)')",0.5780059845072525,0.32722513549581234
"('(0, 2)', '(1, 0)')",0.46429152570355897,0.41968934903305893
"('(0, 2)', '(1, 1)')",0.31812685855949874,0.5107165740531621
"('(0, 2)', '(1, 2)')",0.4294849831429699,0.32586246380109374
"('(0, 2)', '(1, 3)')",0.5267043236327918,0.48813682547983345
"('(0, 2)', '(1, 4)')",0.5275544963242895,0.35523126500995256
"('(0, 2)', '(1, 5)')",0.44766007086558757,0.263872193517224
"('(0, 2)', '(2, -5)')",0.42259173183566046,0.2541773913413367
"('(0, 2)', '(2, -4)')",0.457505199403912,0.3028916319171542
"('(0, 2)', '(2, -3)')",0.5110088465646766,0.45184097206488205
"('(0, 2)', '(2, -2)')",0.49648054118401924,0.2840101969121697
"('(0, 2)', '(2, -1)')",0.575318113888995,0.5751501692315095
"('(0, 2)', '(2, 0)')",0.49184201521342,0.3726453804229288
"('(0, 2)', '(2, 1)')",0.5574049576800741,0.34260333651990676
"('(0, 2)', '(2, 2)')",0.48955502178204124,0.3825652169599374
"('(0, 2)', '(2, 3)')",0.4560405937599254,0.3770953150511318
"('(0, 2)', '(2, 4)')",0.4689071498785293,0.3357566928201761
"('(0, 2)', '(2, 5)')",0.6562184909960822,0.567474533709051
"('(0, 2)', '(3, -5)')",0.46744099123215865,0.3427543568652032
"('(0, 2)', '(3, -4)')",0.40308990248577775,0.3054065970001944
"('(0, 2)', '(3, -3)')",0.530130892530535,0.2921543058876542
"('(0, 2)', '(3, -2)')",0.5008058518999094,0.34153382539420196
"('(0, 2)', '(3, -1)')",0.5932302428857628,0.40416189724518087
"('(0, 2)', '(3, 0)')",0.4505548028628464,0.30544229252125904
"('(0, 2)', '(3, 1)')",0.46072189982232586,0.27629822165536316
"('(0, 2)', '(3, 2)')",0.486538865717702,0.3260683697221531
"('(0, 2)', '(3, 3)')",0.5089356744560644,0.36365773896207937
"('(0, 2)', '(3, 4)')",0.4171040790205892,0.3827503682569652
"('(0, 2)', '(3, 5)')",0.40277792740399165,0.22166730215054337
"('(0, 2)', '(4, -5)')",0.45275302202615775,0.4098199552472163
"('(0, 2)', '(4, -4)')",0.3645585673549647,0.2813475988707714
"('(0, 2)', '(4, -3)')",0.3691076935600921,0.24968301614537228
"('(0, 2)', '(4, -2)')",0.3923991834681598,0.592030143143776
"('(0, 2)', '(4, -1)')",0.47098654177044125,0.2754867149969903
"('(0, 2)', '(4, 0)')",0.4992989381711097,0.3335812202403468
"('(0, 2)', '(4, 1)')",0.40558828358172483,0.28636805002470844
"('(0, 2)', '(4, 2)')",0.47408939408273754,0.3291697568823202
"('(0, 2)', '(4, 3)')",0.5000596500475715,0.33487506270148476
"('(0, 2)', '(4, 4)')",0.40201913044906734,0.2785596099623906
"('(0, 2)', '(4, 5)')",0.5163431262780849,0.41193256982756105
"('(0, 3)', '(0, 4)')",0.3870575978964616,0.5563658044730613
"('(0, 3)', '(0, 5)')",0.2246686958054172,0.3809388005859657
"('(0, 3)', '(1, -5)')",0.2538909413085053,0.5207820998282638
"('(0, 3)', '(1, -4)')",0.34438145227377304,0.4592054448070162
"('(0, 3)', '(1, -3)')",0.4396741129541496,0.5002947751324286
"('(0, 3)', '(1, -2)')",0.3372554164037153,0.5029509892081813
"('(0, 3)', '(1, -1)')",0.42703932676275475,0.6181681609681067
"('(0, 3)', '(1, 0)')",0.2658408284360109,0.5930499385885387
"('(0, 3)', '(1, 1)')",0.22006522152263824,0.6814949492109769
"('(0, 3)', '(1, 2)')",0.36730546559235694,0.550284922807883
"('(0, 3)', '(1, 3)')",0.25720680226142467,0.5996244696509043
"('(0, 3)', '(1, 4)')",0.31102322042735664,0.5521340003719971
"('(0, 3)', '(1, 5)')",0.4091176461606606,0.48572221776693286
"('(0, 3)', '(2, -5)')",0.2382962688319538,0.39254809123533585
"('(0, 3)', '(2, -4)')",0.37191805611026474,0.45937672969886273
"('(0, 3)', '(2, -3)')",0.3357603517730379,0.5910351982602803
"('(0, 3)', '(2, -2)')",0.3915993373877906,0.5120403041131785
"('(0, 3)', '(2, -1)')",0.21621356461813318,0.5775392876241502
"('(0, 3)', '(2, 0)')",0.38427045950302036,0.585176802574382
"('(0, 3)', '(2, 1)')",0.4295100745964841,0.572846912774375
"('(0, 3)', '(2, 2)')",0.18149228321409486,0.44606614359467056
"('(0, 3)', '(2, 3)')",0.42432597923401977,0.565899064201146
"('(0, 3)', '(2, 4)')",0.34958683421743875,0.49219204937339534
"('(0, 3)', '(2, 5)')",0.2972172428071082,0.5818919352021537
"('(0, 3)', '(3, -5)')",0.4057357749363028,0.5464937707281837
"('(0, 3)', '(3, -4)')",0.30261748740893857,0.5005897397893622
"('(0, 3)', '(3, -3)')",0.3932939379058115,0.510083037703115
"('(0, 3)', '(3, -2)')",0.4146374312309099,0.5640300780166954
"('(0, 3)', '(3, -1)')",0.47783740659630947,0.6049013247616623
"('(0, 3)', '(3, 0)')",0.40486169768795555,0.5405845769352731
"('(0, 3)', '(3, 1)')",0.3650612749041018,0.5356529265420824
"('(0, 3)', '(3, 2)')",0.4218592908864754,0.5420019647672928
"('(0, 3)', '(3, 3)')",0.3702059102595372,0.5658966901674756
"('(0, 3)', '(3, 4)')",0.40261231065565384,0.590583131837644
"('(0, 3)', '(3, 5)')",0.29152160970984076,0.4538537228153839
"('(0, 3)', '(4, -5)')",0.2470033118131523,0.571724356227464
"('(0, 3)', '(4, -4)')",0.32184741764184677,0.4571844882136353
"('(0, 3)', '(4, -3)')",0.2024412415490305,0.3904264224079943
"('(0, 3)', '(4, -2)')",0.027417071611653576,0.5733702168574588
"('(0, 3)', '(4, -1)')",0.34613172688283467,0.5155516120199999
"('(0, 3)', '(4, 0)')",0.42699533462748784,0.5273352037070865
"('(0, 3)', '(4, 1)')",0.3247080549175231,0.47906759946235794
"('(0, 3)', '(4, 2)')",0.31637859266894774,0.49322948444160203
"('(0, 3)', '(4, 3)')",0.4438967472908205,0.5217138164873975
"('(0, 3)', '(4, 4)')",0.24611190978543,0.49282660531945627
"('(0, 3)', '(4, 5)')",0.17647438755539066,0.451277692707622
"('(0, 4)', '(0, 5)')",0.1837652470066522,0.9194717319537641
"('(0, 4)', '(1, -5)')",0.17190968313177954,0.8783774581332453
"('(0, 4)', '(1, -4)')",0.22425773558779505,0.7953523770652334
"('(0, 4)', '(1, -3)')",0.21328722429567687,0.7441483704184239
"('(0, 4)', '(1, -2)')",0.21430820629846978,0.7649292991434995
"('(0, 4)', '(1, -1)')",0.09034860028557962,0.9571757690926832
"('(0, 4)', '(1, 0)')",0.19063479283220852,0.8223627231321768
"('(0, 4)', '(1, 1)')",0.3341889751931631,0.6971674714241684
"('(0, 4)', '(1, 2)')",0.19145095982598065,0.7967113146343459
"('(0, 4)', '(1, 3)')",0.1932074770646476,0.8025572651151547
"('(0, 4)', '(1, 4)')",0.16254795697612012,0.8714436823364151
"('(0, 4)', '(1, 5)')",0.20418316711535106,0.8310974171966468
"('(0, 4)', '(2, -5)')",0.197584057338989,0.8618949764530082
"('(0, 4)', '(2, -4)')",0.2130962740432088,0.7699966826072778
"('(0, 4)', '(2, -3)')",0.17043727055560415,0.7743108105384522
"('(0, 4)', '(2, -2)')",0.18542648201780432,0.8096309240864776
"('(0, 4)', '(2, -1)')",0.13573257338054906,0.8937692607987964
"('(0, 4)', '(2, 0)')",0.13277577841456906,0.9303758068837387
"('(0, 4)', '(2, 1)')",0.1453733841883592,0.8328577178082452
"('(0, 4)', '(2, 2)')",0.13904755916560319,0.9457181654724593
"('(0, 4)', '(2, 3)')",0.1881875332617316,0.8354664829210062
"('(0, 4)', '(2, 4)')",0.24340416184625774,0.6957569737095153
"('(0, 4)', '(2, 5)')",0.05784942440349167,1.0082713160480499
"('(0, 4)', '(3, -5)')",0.23489839795323875,0.6944812245157885
"('(0, 4)', '(3, -4)')",0.2771121224040083,0.668812099972689
"('(0, 4)', '(3, -3)')",0.19063482690661943,0.8138852319304793
"('(0, 4)', '(3, -2)')",0.13279838938507316,0.8832571601376055
"('(0, 4)', '(3, -1)')",0.14897050868290568,0.7945068086241996
"('(0, 4)', '(3, 0)')",0.20218009524476938,0.8187947119704255
"('(0, 4)', '(3, 1)')",0.1786455626205649,0.8757060042708225
"('(0, 4)', '(3, 2)')",0.18236648365221164,0.8060176683937269
"('(0, 4)', '(3, 3)')",0.14203969096167163,0.8430689440111274
"('(0, 4)', '(3, 4)')",0.271627348376815,0.6876193456884466
"('(0, 4)', '(3, 5)')",0.2185668968281252,0.8274399397463161
"('(0, 4)', '(4, -5)')",0.24464584806254866,0.7505817102349241
"('(0, 4)', '(4, -4)')",0.22738700342459195,0.7857792497138442
"('(0, 4)', '(4, -3)')",0.21286724678841967,0.8659186294809321
"('(0, 4)', '(4, -2)')",0.24757750626433633,0.8118268166206205
"('(0, 4)', '(4, -1)')",0.21617843889735233,0.7974677971397139
"('(0, 4)', '(4, 0)')",0.1573477104383314,0.8400700269864857
"('(0, 4)', '(4, 1)')",0.22670102835540695,0.7822067718256899
"('(0, 4)', '(4, 2)')",0.1936080883801085,0.8402855420617296
"('(0, 4)', '(4, 3)')",0.1714614206178941,0.8362727695528681
"('(0, 4)', '(4, 4)')",0.24027094913957184,0.818455609964368
"('(0, 4)', '(4, 5)')",0.13254876128713158,0.9537432101829441
"('(0, 5)', '(1, -5)')",-0.23106282759672267,0.8314752557713896
"('(0, 5)', '(1, -4)')",-0.16886225947691375,0.5975049204935291
"('(0, 5)', '(1, -3)')",0.0642859609687188,0.4136924264979222
"('(0, 5)', '(1, -2)')",-0.059289101817935425,0.5900583506701542
"('(0, 5)', '(1, -1)')",-0.002964434641792857,1.0478489584372246
"('(0, 5)', '(1, 0)')",-0.11848080371406206,0.7837946268955541
"('(0, 5)', '(1, 1)')",-0.15618234478665405,0.7336310245785285
"('(0, 5)', '(1, 2)')",-0.05490291812842668,0.641420849446408
"('(0, 5)', '(1, 3)')",-0.0720186790891593,0.730275622437854
"('(0, 5)', '(1, 4)')",-0.1301730455771829,0.8574534630050328
"('(0, 5)', '(1, 5)')",-0.11948532411965179,0.7503041536356745
"('(0, 5)', '(2, -5)')",-0.37093619758355173,0.7116520122972282
"('(0, 5)', '(2, -4)')",-0.0671585880197409,0.48057444798427085
"('(0, 5)', '(2, -3)')",0.06723154849494617,0.4907365642213384
"('(0, 5)', '(2, -2)')",-0.05045301677380715,0.6405320773736782
"('(0, 5)', '(2, -1)')",-0.15354413176213239,0.802873841224752
"('(0, 5)', '(2, 0)')",-0.06256640766534693,1.038710204513236
"('(0, 5)', '(2, 1)')",0.05585699194205601,0.6749148234404388
"('(0, 5)', '(2, 2)')",-0.4322998889817018,0.8905213211708207
"('(0, 5)', '(2, 3)')",0.009069785973409128,0.8718843222825534
"('(0, 5)', '(2, 4)')",0.0007686922107713323,0.4144202182221022
"('(0, 5)', '(2, 5)')",-0.11808176659409325,0.8822933390498892
"('(0, 5)', '(3, -5)')",0.08095181268314422,0.44276844436161844
"('(0, 5)', '(3, -4)')",-0.1007999801435769,0.4322651431125473
"('(0, 5)', '(3, -3)')",-0.043484422252696775,0.7307883686110871
"('(0, 5)', '(3, -2)')",-0.014880195675834318,0.7994981382896453
"('(0, 5)', '(3, -1)')",0.19027878354019673,0.583059629147133
"('(0, 5)', '(3, 0)')",-0.06059171819719428,0.8201128127239629
"('(0, 5)', '(3, 1)')",-0.14440332819352553,0.9538468558473279
"('(0, 5)', '(3, 2)')",0.02078585030286656,0.6845820641945987
"('(0, 5)', '(3, 3)')",-0.017583087543272646,0.6544852019026204
"('(0, 5)', '(3, 4)')",0.057923260223380235,0.6369497152887302
"('(0, 5)', '(3, 5)')",-0.2752898592796261,0.7566198526793358
"('(0, 5)', '(4, -5)')",-0.13778061848383125,0.6982406880347629
"('(0, 5)', '(4, -4)')",-0.2366041622587954,0.5413181592948135
"('(0, 5)', '(4, -3)')",-0.4358935502146737,0.738652932249809
"('(0, 5)', '(4, -2)')",-0.39592614982633245,0.7750156475784501
"('(0, 5)', '(4, -1)')",-0.11438012805353504,0.7850474618928805
"('(0, 5)', '(4, 0)')",0.01064477782691614,0.6001648083838096
"('(0, 5)', '(4, 1)')",-0.1642874375864672,0.6460071560272489
"('(0, 5)', '(4, 2)')",-0.14994073280565712,0.7309451434021725
"('(0, 5)', '(4, 3)')",0.009176988542498044,0.7387270776270287
"('(0, 5)', '(4, 4)')",-0.2956238393792159,0.8368074326459644
"('(0, 5)', '(4, 5)')",-0.4393591522019842,0.8940818164204956
"('(1, -5)', '(1, -4)')",0.16515254492933143,0.39749648218182554
"('(1, -5)', '(1, -3)')",0.2809941763967895,0.3879220255749686
"('(1, -5)', '(1, -2)')",0.15751410459191978,0.4032061915700368
"('(1, -5)', '(1, -1)')",0.2879052284056455,0.6371853421914737
"('(1, -5)', '(1, 0)')",0.0909994053918374,0.519407371351167
"('(1, -5)', '(1, 1)')",0.13475310262450418,0.5263682808431295
"('(1, -5)', '(1, 2)')",0.21687933592810002,0.4559354673802708
"('(1, -5)', '(1, 3)')",0.09335397169455364,0.510590479266478
"('(1, -5)', '(1, 4)')",0.12628919184318368,0.5084454202704178
"('(1, -5)', '(1, 5)')",0.2147190563219755,0.43843908468819925
"('(1, -5)', '(2, -5)')",-0.06512309801470006,0.3475000446063155
"('(1, -5)', '(2, -4)')",0.16865257225140687,0.3314053587650013
"('(1, -5)', '(2, -3)')",0.17509404778622126,0.470499250759722
"('(1, -5)', '(2, -2)')",0.2084221058610419,0.4326989579042175
"('(1, -5)', '(2, -1)')",-0.027378966318600692,0.4907773606378616
"('(1, -5)', '(2, 0)')",0.2191080291744376,0.6228415828992965
"('(1, -5)', '(2, 1)')",0.24882649658843278,0.519216705470007
"('(1, -5)', '(2, 2)')",-0.1897567064283917,0.3598744334476722
"('(1, -5)', '(2, 3)')",0.29048631797780244,0.5853428655552215
"('(1, -5)', '(2, 4)')",0.16477886894852536,0.358547514307742
"('(1, -5)', '(2, 5)')",0.08879282351120654,0.5509259216978937
"('(1, -5)', '(3, -5)')",0.27478795652449156,0.45607271167946806
"('(1, -5)', '(3, -4)')",0.12285723011948486,0.37138937953293993
"('(1, -5)', '(3, -3)')",0.19527340328050583,0.46796278789258394
"('(1, -5)', '(3, -2)')",0.24212049041329572,0.5190167845139755
"('(1, -5)', '(3, -1)')",0.339370394488252,0.6054311270948934
"('(1, -5)', '(3, 0)')",0.24511134403601245,0.5368941308797107
"('(1, -5)', '(3, 1)')",0.14867522102781686,0.5580299791220271
"('(1, -5)', '(3, 2)')",0.2661523880404717,0.48460852552901307
"('(1, -5)', '(3, 3)')",0.16464429964387764,0.4668546213236978
"('(1, -5)', '(3, 4)')",0.34605793502041104,0.5295178493298918
"('(1, -5)', '(3, 5)')",0.038592883104913545,0.37786790195257774
"('(1, -5)', '(4, -5)')",0.07200407553238233,0.47177558175011597
"('(1, -5)', '(4, -4)')",0.07701607391149518,0.2815336175377628
"('(1, -5)', '(4, -3)')",-0.10257086477671887,0.35528057220726916
"('(1, -5)', '(4, -2)')",-0.20654985424805034,0.42884385128991304
"('(1, -5)', '(4, -1)')",0.13666805649197755,0.4838897886593075
"('(1, -5)', '(4, 0)')",0.27689161922498007,0.43919312077975176
"('(1, -5)', '(4, 1)')",0.10986003673956493,0.3972337814867986
"('(1, -5)', '(4, 2)')",0.14091256519183196,0.4461770753092209
"('(1, -5)', '(4, 3)')",0.24423809186777465,0.49895234450338527
"('(1, -5)', '(4, 4)')",0.015118160920337138,0.43276692706947245
"('(1, -5)', '(4, 5)')",-0.19033215368393588,0.3798413154180915
"('(1, -4)', '(1, -3)')",-0.046274394483580894,0.9547804457169682
"('(1, -4)', '(1, -2)')",0.09084131407557364,0.6213091507702765
"('(1, -4)', '(1, -1)')",-0.017916664689631268,0.8103895334026987
"('(1, -4)', '(1, 0)')",0.2510965113139179,0.3036330003911506
"('(1, -4)', '(1, 1)')",0.5700204404252365,0.6809861880486848
"('(1, -4)', '(1, 2)')",0.13390820787173885,0.6580914630654764
"('(1, -4)', '(1, 3)')",0.2122544736955152,0.34894521864836303
"('(1, -4)', '(1, 4)')",0.11591389625001597,0.5209726046604953
"('(1, -4)', '(1, 5)')",0.04323883705125808,0.8411958794365544
"('(1, -4)', '(2, -5)')",0.06271926073535627,0.7994685643993094
"('(1, -4)', '(2, -4)')",-0.01113577964801532,0.9265220891136122
"('(1, -4)', '(2, -3)')",0.07140272403126918,0.6818930755332387
"('(1, -4)', '(2, -2)')",0.013417549751934321,0.8207911474175246
"('(1, -4)', '(2, -1)')",0.10819561357187794,0.5462754728249508
"('(1, -4)', '(2, 0)')",0.09459625035949587,0.5399573935226292
"('(1, -4)', '(2, 1)')",-0.060668222631326096,0.9461738969990423
"('(1, -4)', '(2, 2)')",0.04034173568658367,0.8501410269223661
"('(1, -4)', '(2, 3)')",0.10720104009863757,0.5227649956417026
"('(1, -4)', '(2, 4)')",0.06649413117649222,0.6978498205393406
"('(1, -4)', '(2, 5)')",-0.09188801273539976,0.8932303931366435
"('(1, -4)', '(3, -5)')",0.0899304704307109,0.635570250991219
"('(1, -4)', '(3, -4)')",0.22156934139744516,0.4018437498808389
"('(1, -4)', '(3, -3)')",0.004027597225170487,0.7702211574758588
"('(1, -4)', '(3, -2)')",-0.004246071662145856,0.8759734301816574
"('(1, -4)', '(3, -1)')",-0.1008430599019211,0.8945568247012923
"('(1, -4)', '(3, 0)')",0.11646515798850826,0.5809839029789682
"('(1, -4)', '(3, 1)')",0.12196621241702055,0.5980002168825089
"('(1, -4)', '(3, 2)')",0.02718967948612805,0.7894374227375207
"('(1, -4)', '(3, 3)')",0.004442221799729362,0.8925481744738246
"('(1, -4)', '(3, 4)')",0.24582059217622587,0.2897531128485782
"('(1, -4)', '(3, 5)')",0.16033219941399704,0.6096083988449622
"('(1, -4)', '(4, -5)')",0.29791178721808903,0.27711064031013327
"('(1, -4)', '(4, -4)')",0.09989881067001159,0.9681086979524569
"('(1, -4)', '(4, -3)')",0.17513713126633268,0.5446176384741153
"('(1, -4)', '(4, -2)')",0.48207231187337357,0.4721888194406725
"('(1, -4)', '(4, -1)')",0.13296990868627628,0.5495999394957336
"('(1, -4)', '(4, 0)')",-0.04981612946013231,0.9722968119707862
"('(1, -4)', '(4, 1)')",0.1535990431956638,0.5550454438425869
"('(1, -4)', '(4, 2)')",0.11195954477409081,0.5371674690133927
"('(1, -4)', '(4, 3)')",-0.04279519464026871,0.9150464751405993
"('(1, -4)', '(4, 4)')",0.2778982391465857,0.31024068501682445
"('(1, -4)', '(4, 5)')",0.011398805396635181,0.9105014685922642
"('(1, -3)', '(1, -2)')",0.5285679532902853,0.527779565574046
"('(1, -3)', '(1, -1)')",0.6889838112428879,0.7398443889450607
"('(1, -3)', '(1, 0)')",0.5397961112648556,0.6351143762270114
"('(1, -3)', '(1, 1)')",0.4701864564725842,0.6038960843040938
"('(1, -3)', '(1, 2)')",0.5191245861011158,0.5825585740961812
"('(1, -3)', '(1, 3)')",0.5875503007852924,0.6629595926954928
"('(1, -3)', '(1, 4)')",0.5567662685751797,0.6290911522910563
"('(1, -3)', '(1, 5)')",0.46892344670936603,0.574237803067404
"('(1, -3)', '(2, -5)')",0.2827748959269429,0.43417740470042915
"('(1, -3)', '(2, -4)')",0.47768150169831575,0.438042451636434
"('(1, -3)', '(2, -3)')",0.6244533704225841,0.5978162313548494
"('(1, -3)', '(2, -2)')",0.5440035568282946,0.5572417445274296
"('(1, -3)', '(2, -1)')",0.5485950759118877,0.7215246107307203
"('(1, -3)', '(2, 0)')",0.6250425714354058,0.7096338537701103
"('(1, -3)', '(2, 1)')",0.6468867569721258,0.645218197166064
"('(1, -3)', '(2, 2)')",0.2794053916714504,0.5839285235025266
"('(1, -3)', '(2, 3)')",0.6287553543846304,0.6965320829523357
"('(1, -3)', '(2, 4)')",0.5244401105298926,0.4811225661389606
"('(1, -3)', '(2, 5)')",0.6448109546165625,0.7364829573462132
"('(1, -3)', '(3, -5)')",0.6020577730205442,0.5865972760275455
"('(1, -3)', '(3, -4)')",0.44647103991274606,0.47961400864103193
"('(1, -3)', '(3, -3)')",0.5713867492508554,0.5965055424116095
"('(1, -3)', '(3, -2)')",0.5999671901949974,0.6380787799156544
"('(1, -3)', '(3, -1)')",0.774321597654734,0.7064964409502771
"('(1, -3)', '(3, 0)')",0.549870963769345,0.6570458221141634
"('(1, -3)', '(3, 1)')",0.49945336961675907,0.6537381413860033
"('(1, -3)', '(3, 2)')",0.5955849151168198,0.6179283961595113
"('(1, -3)', '(3, 3)')",0.5688875525926835,0.5965098835620583
"('(1, -3)', '(3, 4)')",0.6124133024220846,0.6684706121057467
"('(1, -3)', '(3, 5)')",0.3456594261987941,0.48046272232867376
"('(1, -3)', '(4, -5)')",0.5000927594630414,0.5950593124209146
"('(1, -3)', '(4, -4)')",0.28635624589266556,0.4044919863190962
"('(1, -3)', '(4, -3)')",0.24752108513084795,0.43503797162421043
"('(1, -3)', '(4, -2)')",0.30125804628057423,0.6525019546792534
"('(1, -3)', '(4, -1)')",0.4978708684109414,0.5976975354308344
"('(1, -3)', '(4, 0)')",0.5934903904892599,0.5520898909828356
"('(1, -3)', '(4, 1)')",0.43073800100787824,0.508924115032531
"('(1, -3)', '(4, 2)')",0.5137226544057137,0.5410520533294453
"('(1, -3)', '(4, 3)')",0.5931374845069315,0.6266975142394379
"('(1, -3)', '(4, 4)')",0.3668333403071194,0.5266351516466888
"('(1, -3)', '(4, 5)')",0.2818145015607667,0.6086579061817033
"('(1, -2)', '(1, -1)')",0.5469837620261797,0.5173379482246179
"('(1, -2)', '(1, 0)')",0.3087912285062507,0.45260102774909866
"('(1, -2)', '(1, 1)')",0.22507959986861345,0.6473965852928389
"('(1, -2)', '(1, 2)')",0.3748536114086451,0.45035990076597326
"('(1, -2)', '(1, 3)')",0.3303773346891097,0.4333926975190396
"('(1, -2)', '(1, 4)')",0.36737727094134814,0.3866586777241252
"('(1, -2)', '(1, 5)')",0.3919226516323383,0.3832297688193051
"('(1, -2)', '(2, -5)')",0.12742524009891545,0.17791974411564632
"('(1, -2)', '(2, -4)')",0.3329455549896571,0.2929726263240474
"('(1, -2)', '(2, -3)')",0.38868229089104755,0.42771658514258637
"('(1, -2)', '(2, -2)')",0.40898841765938443,0.38481135475895156
"('(1, -2)', '(2, -1)')",0.2755805452907961,0.30806458793232366
"('(1, -2)', '(2, 0)')",0.4565980612903975,0.5138161761623063
"('(1, -2)', '(2, 1)')",0.4991299612119853,0.46097243639473395
"('(1, -2)', '(2, 2)')",0.09762859946645305,0.19534332347543512
"('(1, -2)', '(2, 3)')",0.4787319452429134,0.5558680521224707
"('(1, -2)', '(2, 4)')",0.3387599911480618,0.34926760428083903
"('(1, -2)', '(2, 5)')",0.40029948396446907,0.2955404337675043
"('(1, -2)', '(3, -5)')",0.43691704802799447,0.4929854920094084
"('(1, -2)', '(3, -4)')",0.2670270491353108,0.3856756954096504
"('(1, -2)', '(3, -3)')",0.43109332331254374,0.3877411221941971
"('(1, -2)', '(3, -2)')",0.4615833423826149,0.4583804678498015
"('(1, -2)', '(3, -1)')",0.5941711393793248,0.5725487731577079
"('(1, -2)', '(3, 0)')",0.4312748451543217,0.49345689526850106
"('(1, -2)', '(3, 1)')",0.3817735065888607,0.43176434609116376
"('(1, -2)', '(3, 2)')",0.4597557216375747,0.46327008353280125
"('(1, -2)', '(3, 3)')",0.4023375055986218,0.40149518965880876
"('(1, -2)', '(3, 4)')",0.4520954103453386,0.6068436330478274
"('(1, -2)', '(3, 5)')",0.2245608301640958,0.26623960688314596
"('(1, -2)', '(4, -5)')",0.27092472177874705,0.442331462564104
"('(1, -2)', '(4, -4)')",0.2065952166688631,0.26244404013903033
"('(1, -2)', '(4, -3)')",0.07694343440010193,0.19060579432044872
"('(1, -2)', '(4, -2)')",-0.02412619922052145,0.3858646005726191
"('(1, -2)', '(4, -1)')",0.35765630604366055,0.39492396085132336
"('(1, -2)', '(4, 0)')",0.4546634852386354,0.4109197569890735
"('(1, -2)', '(4, 1)')",0.2834773880353777,0.3467109309666053
"('(1, -2)', '(4, 2)')",0.32671722257290536,0.34604917221204085
"('(1, -2)', '(4, 3)')",0.4727684032821692,0.4459778979247915
"('(1, -2)', '(4, 4)')",0.20511677498741876,0.3386939840553151
"('(1, -2)', '(4, 5)')",0.09920067948573605,0.2285517515060917
"('(1, -1)', '(1, 0)')",0.6481170507994772,0.5839271629711466
"('(1, -1)', '(1, 1)')",0.6847643241278419,0.3811776496722521
"('(1, -1)', '(1, 2)')",0.39864472730463735,0.5062869026488241
"('(1, -1)', '(1, 3)')",0.7364139159173969,0.6783641468239902
"('(1, -1)', '(1, 4)')",0.6130949795555269,0.6459193827853817
"('(1, -1)', '(1, 5)')",0.3598687367163737,0.5825729198369618
"('(1, -1)', '(2, -5)')",0.9272065855641505,0.9498782492243792
"('(1, -1)', '(2, -4)')",0.5758652427960361,0.6837790103273953
"('(1, -1)', '(2, -3)')",0.560125438152981,0.6615848998402282
"('(1, -1)', '(2, -2)')",0.44846880614501483,0.5912943417742953
"('(1, -1)', '(2, -1)')",0.8994789748666452,0.913160229165862
"('(1, -1)', '(2, 0)')",0.36768465718990284,0.5376889971706106
"('(1, -1)', '(2, 1)')",0.3415590962661634,0.6303674229571532
"('(1, -1)', '(2, 2)')",1.0389149333015966,1.1148871624012628
"('(1, -1)', '(2, 3)')",0.2870777469639596,0.42017655086589
"('(1, -1)', '(2, 4)')",0.5990631286536519,0.5938708630613003
"('(1, -1)', '(2, 5)')",0.7981074442213242,0.9980872132746103
"('(1, -1)', '(3, -5)')",0.37801805616455775,0.4473154447268065
"('(1, -1)', '(3, -4)')",0.6231546018431251,0.5103164867070203
"('(1, -1)', '(3, -3)')",0.46802160565741296,0.6009916509870683
"('(1, -1)', '(3, -2)')",0.33074856656559476,0.5858036531110103
"('(1, -1)', '(3, -1)')",0.2575941347570838,0.6451149928128495
"('(1, -1)', '(3, 0)')",0.3185918473692927,0.43748263216927724
"('(1, -1)', '(3, 1)')",0.3935247098092437,0.544004682667578
"('(1, -1)', '(3, 2)')",0.33466028951168864,0.5177587798114784
"('(1, -1)', '(3, 3)')",0.4534556850057973,0.6696083784353609
"('(1, -1)', '(3, 4)')",0.31541212175429034,0.2875658577033237
"('(1, -1)', '(3, 5)')",0.6388948136574903,0.7219413114199204
"('(1, -1)', '(4, -5)')",0.7258291281756787,0.5546305784191277
"('(1, -1)', '(4, -4)')",0.5624202826147491,0.8591862377781792
"('(1, -1)', '(4, -3)')",0.9546305729775895,0.9038705661813593
"('(1, -1)', '(4, -2)')",1.2793420383602665,0.881362683301663
"('(1, -1)', '(4, -1)')",0.49791849152779427,0.550242626893726
"('(1, -1)', '(4, 0)')",0.3869919507556037,0.612511964975122
"('(1, -1)', '(4, 1)')",0.5664966521141924,0.5864582421235104
"('(1, -1)', '(4, 2)')",0.666461190143402,0.6110589076015852
"('(1, -1)', '(4, 3)')",0.31497254951922593,0.568207851901985
"('(1, -1)', '(4, 4)')",0.7221889230436198,0.6368854003263054
"('(1, -1)', '(4, 5)')",1.0844267981129054,1.154204656457157
"('(1, 0)', '(1, 1)')",0.18283729393583942,0.575857678037615
"('(1, 0)', '(1, 2)')",0.1161978884386704,0.5687717648342775
"('(1, 0)', '(1, 3)')",0.13786899029622376,0.6048395871324314
"('(1, 0)', '(1, 4)')",0.1442988621336309,0.6098344116527867
"('(1, 0)', '(1, 5)')",0.1809865878989596,0.5582387581318048
"('(1, 0)', '(2, -5)')",0.2690127384395143,0.6593568881376903
"('(1, 0)', '(2, -4)')",0.21362524921525478,0.5393717397015717
"('(1, 0)', '(2, -3)')",0.09648087075012673,0.5684876307996877
"('(1, 0)', '(2, -2)')",0.16365127147474884,0.546394184663919
"('(1, 0)', '(2, -1)')",0.13660125587600536,0.6737623650266148
"('(1, 0)', '(2, 0)')",0.07430684476404603,0.5954859295629917
"('(1, 0)', '(2, 1)')",0.10673799521282273,0.5333608465890086
"('(1, 0)', '(2, 2)')",0.22643253390706267,0.7337760970172067
"('(1, 0)', '(2, 3)')",0.10817021052804965,0.5409517983739767
"('(1, 0)', '(2, 4)')",0.2006266483552657,0.522967435048775
"('(1, 0)', '(2, 5)')",0.1298424166758057,0.6712677712975731
"('(1, 0)', '(3, -5)')",0.1477782922093845,0.4920192859953255
"('(1, 0)', '(3, -4)')",0.2040826700559421,0.5439028640815808
"('(1, 0)', '(3, -3)')",0.17733387310260462,0.5548460477550743
"('(1, 0)', '(3, -2)')",0.08945835389732532,0.5658128459354141
"('(1, 0)', '(3, -1)')",0.08804256369007413,0.4855721076883613
"('(1, 0)', '(3, 0)')",0.13480583540222046,0.5478277047975805
"('(1, 0)', '(3, 1)')",0.12486893894863133,0.5967994541941142
"('(1, 0)', '(3, 2)')",0.12823111644729518,0.5271389539855983
"('(1, 0)', '(3, 3)')",0.09644978904182633,0.5843114878769234
"('(1, 0)', '(3, 4)')",0.15270217943582548,0.4945356173106089
"('(1, 0)', '(3, 5)')",0.20491892030208153,0.6207542106718036
"('(1, 0)', '(4, -5)')",0.1713523914403653,0.5932186832861412
"('(1, 0)', '(4, -4)')",0.21031274134512754,0.6238265110926632
"('(1, 0)', '(4, -3)')",0.2566277935722261,0.6829306089494632
"('(1, 0)', '(4, -2)')",0.21235464759402523,0.7333901076417499
"('(1, 0)', '(4, -1)')",0.16925952526567775,0.5723261758472125
"('(1, 0)', '(4, 0)')",0.14102583126868823,0.5319062361455439
"('(1, 0)', '(4, 1)')",0.18346319728992383,0.5770936231007159
"('(1, 0)', '(4, 2)')",0.19325090985220045,0.5971937879727326
"('(1, 0)', '(4, 3)')",0.1357937866524016,0.5329286073087056
"('(1, 0)', '(4, 4)')",0.20636065954433988,0.6329642263145135
"('(1, 0)', '(4, 5)')",0.2427530675969163,0.7374915410815539
"('(1, 1)', '(1, 2)')",0.2437772035954356,0.7526064048002588
"('(1, 1)', '(1, 3)')",0.16175325586663342,0.8076789534356298
"('(1, 1)', '(1, 4)')",0.21062489191087547,0.7382318718088213
"('(1, 1)', '(1, 5)')",0.26685273754891803,0.6673104754660161
"('(1, 1)', '(2, -5)')",-0.01895559697195314,0.46087997791427965
"('(1, 1)', '(2, -4)')",0.210767674108297,0.5547889596531914
"('(1, 1)', '(2, -3)')",0.23988417197540884,0.7307737669415499
"('(1, 1)', '(2, -2)')",0.27487355810683584,0.6726889769623852
"('(1, 1)', '(2, -1)')",0.08561176471966925,0.6582529859421504
"('(1, 1)', '(2, 0)')",0.33632798114031753,0.8365000523419297
"('(1, 1)', '(2, 1)')",0.35763800973283666,0.7298496881870531
"('(1, 1)', '(2, 2)')",-0.08936035927153095,0.41606808469193984
"('(1, 1)', '(2, 3)')",0.3783347783765752,0.868130234989866
"('(1, 1)', '(2, 4)')",0.20264017830278017,0.6575664832997787
"('(1, 1)', '(2, 5)')",0.22801092949503526,0.582550086369218
"('(1, 1)', '(3, -5)')",0.31100618198191704,0.794980591669731
"('(1, 1)', '(3, -4)')",0.12470399651004596,0.7383800170242062
"('(1, 1)', '(3, -3)')",0.29395103689666,0.7006409435589711
"('(1, 1)', '(3, -2)')",0.33538248660838177,0.727140631620164
"('(1, 1)', '(3, -1)')",0.4650799662888328,0.8392037148279136
"('(1, 1)', '(3, 0)')",0.30962794555934403,0.8114158400141213
"('(1, 1)', '(3, 1)')",0.2417162272967715,0.7676424335576736
"('(1, 1)', '(3, 2)')",0.33917620558919387,0.7472212425301856
"('(1, 1)', '(3, 3)')",0.25517815370050717,0.6771463302429527
"('(1, 1)', '(3, 4)')",0.3464774921096487,0.9450109893220239
"('(1, 1)', '(3, 5)')",0.07915783322787263,0.612032701453868
"('(1, 1)', '(4, -5)')",0.1118065582925446,0.8323840610037179
"('(1, 1)', '(4, -4)')",0.06244741024865954,0.5061428185435253
"('(1, 1)', '(4, -3)')",-0.06531977210427964,0.5431790013503841
"('(1, 1)', '(4, -2)')",-0.22225380454035726,0.759804788689323
"('(1, 1)', '(4, -1)')",0.21336412471575034,0.7455033029543018
"('(1, 1)', '(4, 0)')",0.3390985728081171,0.6531564884367079
"('(1, 1)', '(4, 1)')",0.15392024603046817,0.6842121519283765
"('(1, 1)', '(4, 2)')",0.19863034269843377,0.6945914208046546
"('(1, 1)', '(4, 3)')",0.35796211484312407,0.7131560279103322
"('(1, 1)', '(4, 4)')",0.053610676982881224,0.7303576113901796
"('(1, 1)', '(4, 5)')",-0.09524539124899957,0.3941270846472809
"('(1, 2)', '(1, 3)')",0.23936326464776184,0.6247721282474943
"('(1, 2)', '(1, 4)')",0.20414704712020887,0.6854122928906164
"('(1, 2)', '(1, 5)')",0.1983235950525825,0.7869948061592222
"('(1, 2)', '(2, -5)')",0.023980500881675935,0.6170132654126321
"('(1, 2)', '(2, -4)')",0.11783841606692064,0.7643436512403016
"('(1, 2)', '(2, -3)')",0.148206014061448,0.7697682178565568
"('(1, 2)', '(2, -2)')",0.17666163241045807,0.7850195703745629
"('(1, 2)', '(2, -1)')",0.08456043888587177,0.6976521350592089
"('(1, 2)', '(2, 0)')",0.22729974347362647,0.7878952201841162
"('(1, 2)', '(2, 1)')",0.14934303872859095,0.9113272670339752
"('(1, 2)', '(2, 2)')",-0.07668969995413852,0.6764250488518644
"('(1, 2)', '(2, 3)')",0.28809158791626666,0.7539702335145254
"('(1, 2)', '(2, 4)')",0.1780995678730441,0.67846490442376
"('(1, 2)', '(2, 5)')",0.04283676882162313,0.8548520947829918
"('(1, 2)', '(3, -5)')",0.26271331285324684,0.7210032595015714
"('(1, 2)', '(3, -4)')",0.25963053972388495,0.5365384421235326
"('(1, 2)', '(3, -3)')",0.18668522850372982,0.7763241575099266
"('(1, 2)', '(3, -2)')",0.1551508854022447,0.876459402405317
"('(1, 2)', '(3, -1)')",0.20992356687878255,0.9387859502979322
"('(1, 2)', '(3, 0)')",0.27165856651482506,0.7313025546429376
"('(1, 2)', '(3, 1)')",0.2067767579206714,0.7449344665189471
"('(1, 2)', '(3, 2)')",0.2063312101349048,0.813367698745011
"('(1, 2)', '(3, 3)')",0.10096832091680641,0.8571563466946838
"('(1, 2)', '(3, 4)')",0.4235844426419882,0.591840764762101
"('(1, 2)', '(3, 5)')",0.150741212264233,0.62088899426531
"('(1, 2)', '(4, -5)')",0.2881518610290422,0.540247282575325
"('(1, 2)', '(4, -4)')",0.09071840395448445,0.7353481069826526
"('(1, 2)', '(4, -3)')",0.07651241431815764,0.5029404041555557
"('(1, 2)', '(4, -2)')",0.19044418646009148,0.5075469644385764
"('(1, 2)', '(4, -1)')",0.21889436347237934,0.6776727629095648
"('(1, 2)', '(4, 0)')",0.15606787767381508,0.8669754036946512
"('(1, 2)', '(4, 1)')",0.1937708359582591,0.6281519299278434
"('(1, 2)', '(4, 2)')",0.2089004086517176,0.6210906941045243
"('(1, 2)', '(4, 3)')",0.15831758053909395,0.8826618577250755
"('(1, 2)', '(4, 4)')",0.23511993289388547,0.5178411765256613
"('(1, 2)', '(4, 5)')",-0.08866246069495945,0.6961914514982268
"('(1, 3)', '(1, 4)')",0.0398753934491444,0.6877053075455947
"('(1, 3)', '(1, 5)')",0.12413849428758897,0.5846882537667145
"('(1, 3)', '(2, -5)')",0.10350589218694478,0.6159529401565176
"('(1, 3)', '(2, -4)')",0.13630263394830675,0.5495504058748164
"('(1, 3)', '(2, -3)')",0.049888082052776284,0.6580231320980983
"('(1, 3)', '(2, -2)')",0.10370702272823748,0.5939462112457489
"('(1, 3)', '(2, -1)')",-0.010833422626970277,0.7679756222754889
"('(1, 3)', '(2, 0)')",0.05296775984170321,0.6774154293816029
"('(1, 3)', '(2, 1)')",0.08564880546821946,0.6138419679896931
"('(1, 3)', '(2, 2)')",0.04125171124335193,0.708115307819652
"('(1, 3)', '(2, 3)')",0.09438717096575366,0.6216372846344992
"('(1, 3)', '(2, 4)')",0.11042810963416927,0.5790637287904766
"('(1, 3)', '(2, 5)')",0.02007232766267042,0.7397086371355792
"('(1, 3)', '(3, -5)')",0.1067064475585299,0.5763476761392445
"('(1, 3)', '(3, -4)')",0.09126808369934818,0.6075399653588311
"('(1, 3)', '(3, -3)')",0.0988410760939559,0.6109018689599462
"('(1, 3)', '(3, -2)')",0.0823777121649138,0.6230886140151697
"('(1, 3)', '(3, -1)')",0.0958798835530782,0.5958079452064365
"('(1, 3)', '(3, 0)')",0.09491703126572204,0.618567405860472
"('(1, 3)', '(3, 1)')",0.06712996581783257,0.6624070308992992
"('(1, 3)', '(3, 2)')",0.10277068557545083,0.592672339490873
"('(1, 3)', '(3, 3)')",0.06551431599105617,0.6411934501435074
"('(1, 3)', '(3, 4)')",0.10213777970973792,0.6011813786012776
"('(1, 3)', '(3, 5)')",0.0867051469831365,0.6349025562786871
"('(1, 3)', '(4, -5)')",0.028469144503760674,0.6997198287118527
"('(1, 3)', '(4, -4)')",0.12260795006587098,0.5785833619726267
"('(1, 3)', '(4, -3)')",0.08604778831367124,0.6459330062752999
"('(1, 3)', '(4, -2)')",-0.0416326917656753,0.8044129131037676
"('(1, 3)', '(4, -1)')",0.07633143865763112,0.6416776693656244
"('(1, 3)', '(4, 0)')",0.11928795524823715,0.5684296159809435
"('(1, 3)', '(4, 1)')",0.09528040528073858,0.6148602220185803
"('(1, 3)', '(4, 2)')",0.08340079224734517,0.6359676419610424
"('(1, 3)', '(4, 3)')",0.11732766997950606,0.585178964561177
"('(1, 3)', '(4, 4)')",0.05491694480961921,0.6830133559954674
"('(1, 3)', '(4, 5)')",0.04179464569911978,0.7099374946015349
"('(1, 4)', '(1, 5)')",0.27855310232842123,0.494183551213667
"('(1, 4)', '(2, -5)')",0.10937669837609221,0.3131771592466764
"('(1, 4)', '(2, -4)')",0.22796889022779165,0.4466882794710365
"('(1, 4)', '(2, -3)')",0.3043217859387478,0.4966317775932006
"('(1, 4)', '(2, -2)')",0.292502496022341,0.49246811850242606
"('(1, 4)', '(2, -1)')",0.24655889095146405,0.38677760912779724
"('(1, 4)', '(2, 0)')",0.33872024108223897,0.5585957779455958
"('(1, 4)', '(2, 1)')",0.33609540114328923,0.5573113708994187
"('(1, 4)', '(2, 2)')",0.0898787314592111,0.30231399228694555
"('(1, 4)', '(2, 3)')",0.35224014898039196,0.582411578934806
"('(1, 4)', '(2, 4)')",0.26355091119060337,0.44827722709797363
"('(1, 4)', '(2, 5)')",0.2775225594438139,0.4406752381566019
"('(1, 4)', '(3, -5)')",0.33671550716419807,0.5284982137738317
"('(1, 4)', '(3, -4)')",0.2622053846879891,0.40967387750204853
"('(1, 4)', '(3, -3)')",0.3021794189329393,0.4972471968090339
"('(1, 4)', '(3, -2)')",0.31673299168599145,0.5528231209141374
"('(1, 4)', '(3, -1)')",0.39878296221669524,0.6207827127619661
"('(1, 4)', '(3, 0)')",0.32991889782129374,0.5329173782261154
"('(1, 4)', '(3, 1)')",0.2952201352106365,0.5008406435612399
"('(1, 4)', '(3, 2)')",0.3233503340105053,0.5462692640981972
"('(1, 4)', '(3, 3)')",0.2851659457395487,0.5102064206347611
"('(1, 4)', '(3, 4)')",0.3851395958508903,0.5458067630429425
"('(1, 4)', '(3, 5)')",0.19986306284416805,0.3855348036366307
"('(1, 4)', '(4, -5)')",0.28845480953592695,0.39866117909830323
"('(1, 4)', '(4, -4)')",0.1709410170541333,0.3899544033916933
"('(1, 4)', '(4, -3)')",0.10668870458032598,0.2915547691402714
"('(1, 4)', '(4, -2)')",0.15164284683341334,0.221725222401407
"('(1, 4)', '(4, -1)')",0.2856839537570624,0.46663088132969527
"('(1, 4)', '(4, 0)')",0.3022926675177892,0.5292859961230311
"('(1, 4)', '(4, 1)')",0.23905460125439862,0.43370378455323116
"('(1, 4)', '(4, 2)')",0.2639706694714929,0.4262852852835996
"('(1, 4)', '(4, 3)')",0.30525592856798245,0.5623954207649375
"('(1, 4)', '(4, 4)')",0.22503480527545086,0.36348474632091304
"('(1, 4)', '(4, 5)')",0.08794429733737008,0.299973655553692
"('(1, 5)', '(2, -5)')",0.2027086134785947,0.6683811115116517
"('(1, 5)', '(2, -4)')",0.3441089050737791,0.6383378807679131
"('(1, 5)', '(2, -3)')",0.5706203843613449,0.906567911848954
"('(1, 5)', '(2, -2)')",0.4068284340227192,0.7492812335043961
"('(1, 5)', '(2, -1)')",0.6251245304759259,1.2377511190830337
"('(1, 5)', '(2, 0)')",0.5536338267986628,0.8842034200192599
"('(1, 5)', '(2, 1)')",0.5173261389324071,0.8886840192119168
"('(1, 5)', '(2, 2)')",0.2483489264182617,0.9653226696088165
"('(1, 5)', '(2, 3)')",0.5389610028018768,0.795231508172576
"('(1, 5)', '(2, 4)')",0.45593051326194645,0.6861653407505962
"('(1, 5)', '(2, 5)')",0.6529347126030955,1.316878683661852
"('(1, 5)', '(3, -5)')",0.486862328222753,0.719650731492067
"('(1, 5)', '(3, -4)')",0.3729413293155898,0.5902673627863457
"('(1, 5)', '(3, -3)')",0.49475805319673444,0.8096116622518449
"('(1, 5)', '(3, -2)')",0.4393644668275948,0.8457146016471919
"('(1, 5)', '(3, -1)')",0.6878275276983243,0.9568696893983366
"('(1, 5)', '(3, 0)')",0.40953758338357704,0.7644374686920615
"('(1, 5)', '(3, 1)')",0.3793373946590649,0.7807713530945476
"('(1, 5)', '(3, 2)')",0.45406255366856507,0.7766743776691253
"('(1, 5)', '(3, 3)')",0.43936434427350557,0.8580457196011925
"('(1, 5)', '(3, 4)')",0.5134361241893666,0.7188101216499512
"('(1, 5)', '(3, 5)')",0.2196502012940028,0.6088274412498375
"('(1, 5)', '(4, -5)')",0.5362184803411725,0.8056614271081961
"('(1, 5)', '(4, -4)')",0.02075335557272286,0.6514147132611194
"('(1, 5)', '(4, -3)')",0.19645457478684478,0.6157388725536356
"('(1, 5)', '(4, -2)')",0.43579718047880395,1.0684507313371643
"('(1, 5)', '(4, -1)')",0.42470073719568424,0.734084773734671
"('(1, 5)', '(4, 0)')",0.4194101029688194,0.7716711069474662
"('(1, 5)', '(4, 1)')",0.3304682548817762,0.6213784576087101
"('(1, 5)', '(4, 2)')",0.475484030281379,0.7781757301927036
"('(1, 5)', '(4, 3)')",0.46655776685638384,0.7876066914202323
"('(1, 5)', '(4, 4)')",0.32974176502126773,0.6548946005741642
"('(1, 5)', '(4, 5)')",0.24717319736448565,1.0252119251931513
"('(2, -5)', '(2, -4)')",0.02731125141438795,0.303389177104529
"('(2, -5)', '(2, -3)')",-0.14149819253470108,0.3344696833098206
"('(2, -5)', '(2, -2)')",-0.030319761102778953,0.3252177355349537
"('(2, -5)', '(2, -1)')",-0.04578549243962281,0.43826497433209494
"('(2, -5)', '(2, 0)')",-0.1290437008764963,0.3112267495294701
"('(2, -5)', '(2, 1)')",-0.1232046336407811,0.3384369915143074
"('(2, -5)', '(2, 2)')",0.11703588575029408,0.37337509808427444
"('(2, -5)', '(2, 3)')",-0.1014854051465024,0.3657076308181612
"('(2, -5)', '(2, 4)')",-0.00613123928934553,0.3173131789772053
"('(2, -5)', '(2, 5)')",-0.07158463302873314,0.4509871998658255
"('(2, -5)', '(3, -5)')",-0.0803901200415279,0.33057460687024065
"('(2, -5)', '(3, -4)')",0.019150175029100006,0.27358621144875805
"('(2, -5)', '(3, -3)')",-0.009276970070011992,0.40367584835481257
"('(2, -5)', '(3, -2)')",-0.12090711343348531,0.29655328092880967
"('(2, -5)', '(3, -1)')",-0.1999079556253115,0.3530815296268381
"('(2, -5)', '(3, 0)')",-0.05425123637960877,0.3370687848946861
"('(2, -5)', '(3, 1)')",-0.04180102629380844,0.3099587574121902
"('(2, -5)', '(3, 2)')",-0.07761380304240628,0.3499278492833855
"('(2, -5)', '(3, 3)')",-0.1162317824398148,0.3013210979100727
"('(2, -5)', '(3, 4)')",-0.049072588672382844,0.44039675979243514
"('(2, -5)', '(3, 5)')",0.0771774615370461,0.27463888678416143
"('(2, -5)', '(4, -5)')",0.0037166706220684576,0.35043248295374435
"('(2, -5)', '(4, -4)')",0.07699640279518115,0.2961866653977659
"('(2, -5)', '(4, -3)')",0.14249036630741618,0.26249463191981004
"('(2, -5)', '(4, -2)')",0.10262758299409253,0.4224510495456794
"('(2, -5)', '(4, -1)')",0.005901183275244082,0.3634984651976127
"('(2, -5)', '(4, 0)')",-0.07277093542548202,0.3094459528526745
"('(2, -5)', '(4, 1)')",0.01724100644109816,0.26151354488682244
"('(2, -5)', '(4, 2)')",0.024097347662770607,0.35005320683248486
"('(2, -5)', '(4, 3)')",-0.07193069404408259,0.35120088286523343
"('(2, -5)', '(4, 4)')",0.08521487484811992,0.3071667038904582
"('(2, -5)', '(4, 5)')",0.13846800558057967,0.40186868361802797
"('(2, -4)', '(2, -3)')",0.05487269292197938,0.8479670321664238
"('(2, -4)', '(2, -2)')",-0.09748633239378152,1.2493956952787415
"('(2, -4)', '(2, -1)')",-0.1762450478632427,1.2290164107670523
"('(2, -4)', '(2, 0)')",-0.14940272619218564,1.8969289528964741
"('(2, -4)', '(2, 1)')",-0.08390567559258538,1.3733832692106898
"('(2, -4)', '(2, 2)')",-0.5248301852676465,1.410236439285259
"('(2, -4)', '(2, 3)')",-0.01711378385113782,1.607625857637783
"('(2, -4)', '(2, 4)')",0.05790412789079408,0.6761985295457772
"('(2, -4)', '(2, 5)')",-0.30563478859041715,1.5018975037509927
"('(2, -4)', '(3, -5)')",0.1412028257369845,0.8684566293754783
"('(2, -4)', '(3, -4)')",0.09360244278061468,0.7110839587321208
"('(2, -4)', '(3, -3)')",-0.11121637625493552,1.369041155731568
"('(2, -4)', '(3, -2)')",-0.14934198368675938,1.5620314623278502
"('(2, -4)', '(3, -1)')",0.06459310383433237,1.2473760027186622
"('(2, -4)', '(3, 0)')",-0.052465744247253254,1.5358126920982145
"('(2, -4)', '(3, 1)')",-0.18354190400493492,1.7771735213923066
"('(2, -4)', '(3, 2)')",-0.044958924312270276,1.3304277723359412
"('(2, -4)', '(3, 3)')",-0.1318298980164121,1.2908272376566563
"('(2, -4)', '(3, 4)')",0.24400169065299748,1.0775175789787512
"('(2, -4)', '(3, 5)')",-0.23106553257639437,1.3745338417311748
"('(2, -4)', '(4, -5)')",0.0548727623010625,1.158093191788414
"('(2, -4)', '(4, -4)')",-0.20504635193334123,1.0127609823423642
"('(2, -4)', '(4, -3)')",-0.35582602726189344,1.2478070478673062
"('(2, -4)', '(4, -2)')",-0.05066365956753893,1.0276166503865811
"('(2, -4)', '(4, -1)')",-0.0965761535198324,1.4246367984233177
"('(2, -4)', '(4, 0)')",-0.09488294145343895,1.2448325760499297
"('(2, -4)', '(4, 1)')",-0.10581163295322515,1.2033617836890453
"('(2, -4)', '(4, 2)')",-0.11673015985769664,1.2732846096986712
"('(2, -4)', '(4, 3)')",-0.13587051168706,1.495133870804654
"('(2, -4)', '(4, 4)')",-0.15001324175244093,1.4806347098834531
"('(2, -4)', '(4, 5)')",-0.5384963578057338,1.358030650972515
"('(2, -3)', '(2, -2)')",0.45601832328227626,0.46236131740065806
"('(2, -3)', '(2, -1)')",0.4163464611229221,0.4354683591007771
"('(2, -3)', '(2, 0)')",0.5225382748560216,0.5363953439263827
"('(2, -3)', '(2, 1)')",0.5313609013908703,0.5089934622391568
"('(2, -3)', '(2, 2)')",0.2581425819057287,0.30268419667331514
"('(2, -3)', '(2, 3)')",0.531402710835776,0.5658825602543511
"('(2, -3)', '(2, 4)')",0.4213268094100499,0.4378962971949056
"('(2, -3)', '(2, 5)')",0.4906275722570822,0.430416964752366
"('(2, -3)', '(3, -5)')",0.48145468883236786,0.5364814189220061
"('(2, -3)', '(3, -4)')",0.3606545564255629,0.4568747047407754
"('(2, -3)', '(3, -3)')",0.49020498359387576,0.45736240218410174
"('(2, -3)', '(3, -2)')",0.4983183833503301,0.5141404897912952
"('(2, -3)', '(3, -1)')",0.6169663410415239,0.5749622461919077
"('(2, -3)', '(3, 0)')",0.4737355676613908,0.5336721324610681
"('(2, -3)', '(3, 1)')",0.4460708885980593,0.4873386411696952
"('(2, -3)', '(3, 2)')",0.4973296351405103,0.5162021401282505
"('(2, -3)', '(3, 3)')",0.46209393472960497,0.4778676589387901
"('(2, -3)', '(3, 4)')",0.48952909476496065,0.6117619906528586
"('(2, -3)', '(3, 5)')",0.3207299747793508,0.38279675685390063
"('(2, -3)', '(4, -5)')",0.39338547868037466,0.4829431931854367
"('(2, -3)', '(4, -4)')",0.2650034557588983,0.40985632470161987
"('(2, -3)', '(4, -3)')",0.2357885228183978,0.3097269685276256
"('(2, -3)', '(4, -2)')",0.19345482817387666,0.4314251977650113
"('(2, -3)', '(4, -1)')",0.43529461954041243,0.4607769561166319
"('(2, -3)', '(4, 0)')",0.4838023412625581,0.4850422533820235
"('(2, -3)', '(4, 1)')",0.37581726055446346,0.4329393502121538
"('(2, -3)', '(4, 2)')",0.4204825676597729,0.43406502723395823
"('(2, -3)', '(4, 3)')",0.5193902452508676,0.4903122904577639
"('(2, -3)', '(4, 4)')",0.32655718236388676,0.41299666262372053
"('(2, -3)', '(4, 5)')",0.25334140072240496,0.30332950751848453
"('(2, -2)', '(2, -1)')",0.07617006410408537,0.5854981782887587
"('(2, -2)', '(2, 0)')",0.4017767033939527,0.7029759442085982
"('(2, -2)', '(2, 1)')",0.3861607927410588,0.6779735188623874
"('(2, -2)', '(2, 2)')",-0.11010182934125243,0.3225927363392765
"('(2, -2)', '(2, 3)')",0.4447884662035385,0.72813393376488
"('(2, -2)', '(2, 4)')",0.24618386667276165,0.5182196834191457
"('(2, -2)', '(2, 5)')",0.1424477070530738,0.6708814571044303
"('(2, -2)', '(3, -5)')",0.40772188151828603,0.6194652609830561
"('(2, -2)', '(3, -4)')",0.23747249753211652,0.48335059872942077
"('(2, -2)', '(3, -3)')",0.2535919994359961,0.6971673229808723
"('(2, -2)', '(3, -2)')",0.4306603859411311,0.5994155262667973
"('(2, -2)', '(3, -1)')",0.45094983844153746,0.8362195242833602
"('(2, -2)', '(3, 0)')",0.39409630644125576,0.6558949623171624
"('(2, -2)', '(3, 1)')",0.316061022214043,0.6389015315052554
"('(2, -2)', '(3, 2)')",0.41089200013319965,0.6201338862867798
"('(2, -2)', '(3, 3)')",0.35873043016300443,0.5518771618559408
"('(2, -2)', '(3, 4)')",0.4749720701387744,0.6863712192300997
"('(2, -2)', '(3, 5)')",0.16661989389319704,0.41394045745439
"('(2, -2)', '(4, -5)')",0.18285498714890397,0.5988177150004557
"('(2, -2)', '(4, -4)')",0.2570630064001916,0.40448812295919595
"('(2, -2)', '(4, -3)')",-0.021091622218882826,0.3207036002924342
"('(2, -2)', '(4, -2)')",-0.07351140609872919,0.33126302790710993
"('(2, -2)', '(4, -1)')",0.2458317380830959,0.6368390874744304
"('(2, -2)', '(4, 0)')",0.40490283306562763,0.5461582586356953
"('(2, -2)', '(4, 1)')",0.24367176560107723,0.47917154804349066
"('(2, -2)', '(4, 2)')",0.20601017149260376,0.5813099043792052
"('(2, -2)', '(4, 3)')",0.3654331015333691,0.6773838758303968
"('(2, -2)', '(4, 4)')",0.1240578523075124,0.4947902385963291
"('(2, -2)', '(4, 5)')",-0.14007035041433005,0.3275944631678771
"('(2, -1)', '(2, 0)')",0.022694795854961147,0.7418848317527428
"('(2, -1)', '(2, 1)')",0.11738942810750325,0.5825448992929892
"('(2, -1)', '(2, 2)')",-0.23578161463421618,0.4424007831441447
"('(2, -1)', '(2, 3)')",0.07448060731442208,0.7074390942461258
"('(2, -1)', '(2, 4)')",0.03981937238008548,0.44627383157386896
"('(2, -1)', '(2, 5)')",-0.12940713580946817,0.7108963334630464
"('(2, -1)', '(3, -5)')",0.1440473923567152,0.5051845542160437
"('(2, -1)', '(3, -4)')",0.039619003223314964,0.4241331385207778
"('(2, -1)', '(3, -3)')",0.020715410449340166,0.6082796331997076
"('(2, -1)', '(3, -2)')",0.10673639467505458,0.589874035530085
"('(2, -1)', '(3, -1)')",0.14952691003604413,0.6777529497931268
"('(2, -1)', '(3, 0)')",0.10221321460871252,0.6019074489018879
"('(2, -1)', '(3, 1)')",0.04498504466682873,0.6131406479927947
"('(2, -1)', '(3, 2)')",0.11302407268373021,0.5650424685999108
"('(2, -1)', '(3, 3)')",0.08255769079999609,0.5224408262057356
"('(2, -1)', '(3, 4)')",0.1457295287258875,0.6107067222559963
"('(2, -1)', '(3, 5)')",-0.028530781686007214,0.44704759575288955
"('(2, -1)', '(4, -5)')",-0.06238036129257238,0.5847487063064667
"('(2, -1)', '(4, -4)')",0.10245095303633484,0.3639660618097766
"('(2, -1)', '(4, -3)')",-0.20068845782757666,0.41262575970818205
"('(2, -1)', '(4, -2)')",-0.27004614314348285,0.4786115474526609
"('(2, -1)', '(4, -1)')",0.014126981074724099,0.5703673004957276
"('(2, -1)', '(4, 0)')",0.1091708537154798,0.515451035316977
"('(2, -1)', '(4, 1)')",0.002865425567150748,0.4781044208627637
"('(2, -1)', '(4, 2)')",-0.068335503464177,0.5974228054673287
"('(2, -1)', '(4, 3)')",0.0763182928825914,0.6075141152160912
"('(2, -1)', '(4, 4)')",-0.08951190910982648,0.5314102563791183
"('(2, -1)', '(4, 5)')",-0.24291829646679025,0.44230983303356336
"('(2, 0)', '(2, 1)')",0.6601589677696087,0.6710070155069412
"('(2, 0)', '(2, 2)')",0.15285674272047103,0.5360941160271437
"('(2, 0)', '(2, 3)')",0.7164537268453246,0.785664737402176
"('(2, 0)', '(2, 4)')",0.5699611629607441,0.4766273710630026
"('(2, 0)', '(2, 5)')",0.5301950687146719,0.7801938650935946
"('(2, 0)', '(3, -5)')",0.6779994991443272,0.5890061516995634
"('(2, 0)', '(3, -4)')",0.4782219270868595,0.52077089919197
"('(2, 0)', '(3, -3)')",0.5907688436070453,0.6427726222325085
"('(2, 0)', '(3, -2)')",0.6588929649970361,0.6976460591458056
"('(2, 0)', '(3, -1)')",0.8003786627675116,0.7102853869499471
"('(2, 0)', '(3, 0)')",0.6255935063951039,0.7375335063795908
"('(2, 0)', '(3, 1)')",0.49392784602496204,0.8084752522710001
"('(2, 0)', '(3, 2)')",0.6779249588031782,0.6470609640389882
"('(2, 0)', '(3, 3)')",0.5578352612927057,0.6301707382068068
"('(2, 0)', '(3, 4)')",0.7361658183639584,0.7248444240553268
"('(2, 0)', '(3, 5)')",0.37503814816765224,0.5742788478825374
"('(2, 0)', '(4, -5)')",0.40015627941948406,0.6896995760658805
"('(2, 0)', '(4, -4)')",0.4158226826523189,0.4144822715505458
"('(2, 0)', '(4, -3)')",0.27359610398091344,0.5671854101445972
"('(2, 0)', '(4, -2)')",0.07189665852590621,0.636366145463706
"('(2, 0)', '(4, -1)')",0.4818018119684973,0.7049167041419204
"('(2, 0)', '(4, 0)')",0.7303373270363376,0.6066800656217979
"('(2, 0)', '(4, 1)')",0.4837120131384704,0.5755894996353084
"('(2, 0)', '(4, 2)')",0.5570733517040103,0.6657508742276265
"('(2, 0)', '(4, 3)')",0.6711340019200421,0.664494712014209
"('(2, 0)', '(4, 4)')",0.32965454805864575,0.6704304123135525
"('(2, 0)', '(4, 5)')",0.1537715406265939,0.5373102268923626
"('(2, 1)', '(2, 2)')",0.2916793538172373,0.40692160546089673
"('(2, 1)', '(2, 3)')",0.5037534759150795,0.5891431340794462
"('(2, 1)', '(2, 4)')",0.42697965307796026,0.514218947944684
"('(2, 1)', '(2, 5)')",0.41106441286594325,0.5198033437854794
"('(2, 1)', '(3, -5)')",0.47455801169720324,0.5739350378868311
"('(2, 1)', '(3, -4)')",0.41962177242883797,0.5071110186101848
"('(2, 1)', '(3, -3)')",0.4771028129328396,0.5242992367758511
"('(2, 1)', '(3, -2)')",0.45695015435892383,0.5863255700509961
"('(2, 1)', '(3, -1)')",0.5102702430756014,0.6355506465848266
"('(2, 1)', '(3, 0)')",0.48846601561966374,0.5600623735583067
"('(2, 1)', '(3, 1)')",0.4519022453286514,0.5513506863001558
"('(2, 1)', '(3, 2)')",0.4772162139171482,0.5674784310550612
"('(2, 1)', '(3, 3)')",0.41169751240349806,0.5853096250151927
"('(2, 1)', '(3, 4)')",0.5285990057473222,0.5696967094932522
"('(2, 1)', '(3, 5)')",0.395442900103225,0.46570463717828575
"('(2, 1)', '(4, -5)')",0.41964945588443925,0.5165703763043399
"('(2, 1)', '(4, -4)')",0.3709069408951034,0.4847535662251262
"('(2, 1)', '(4, -3)')",0.3322914446421717,0.39178716031184035
"('(2, 1)', '(4, -2)')",0.27606072000597065,0.4343859267579538
"('(2, 1)', '(4, -1)')",0.45143060288230585,0.5230491189527124
"('(2, 1)', '(4, 0)')",0.46763853715835285,0.5450990069903173
"('(2, 1)', '(4, 1)')",0.41786006307080775,0.5022339974258314
"('(2, 1)', '(4, 2)')",0.4442021648072505,0.4847130454538174
"('(2, 1)', '(4, 3)')",0.47773538669908355,0.5650704010078461
"('(2, 1)', '(4, 4)')",0.40546061726159693,0.4649678555183299
"('(2, 1)', '(4, 5)')",0.2942788406393426,0.39469323881181395
"('(2, 2)', '(2, 3)')",-0.09354990374335814,0.5858344868903639
"('(2, 2)', '(2, 4)')",-0.3579595269530744,0.5723804961293949
"('(2, 2)', '(2, 5)')",-0.6510445410112687,0.8564109359345474
"('(2, 2)', '(3, -5)')",-0.16538188983349617,0.5805593188587136
"('(2, 2)', '(3, -4)')",-0.21359859597314867,0.21458146436551853
"('(2, 2)', '(3, -3)')",-0.41378498517847206,0.7705266335210318
"('(2, 2)', '(3, -2)')",-0.27466946293784383,0.892425578122989
"('(2, 2)', '(3, -1)')",-0.28437853311433103,1.0393104168491263
"('(2, 2)', '(3, 0)')",-0.17300222996045156,0.5577409285597238
"('(2, 2)', '(3, 1)')",-0.23394576501530767,0.5424358204786701
"('(2, 2)', '(3, 2)')",-0.2480992078326259,0.7817528478517997
"('(2, 2)', '(3, 3)')",-0.31939619069827563,0.8748978753651306
"('(2, 2)', '(3, 4)')",0.06581091608350281,0.35886734255275443
"('(2, 2)', '(3, 5)')",-0.39797485761158813,0.4402282649172384
"('(2, 2)', '(4, -5)')",-0.13403531402266225,0.4127907483808294
"('(2, 2)', '(4, -4)')",-0.44563852700670964,0.9707068163131849
"('(2, 2)', '(4, -3)')",-0.5919061111577296,0.3333239247395668
"('(2, 2)', '(4, -2)')",-0.22893015334563213,0.9287041416788925
"('(2, 2)', '(4, -1)')",-0.27783502980443253,0.4673072155262123
"('(2, 2)', '(4, 0)')",-0.3822473415425032,0.974046790809024
"('(2, 2)', '(4, 1)')",-0.2939826914502589,0.39280962969056277
"('(2, 2)', '(4, 2)')",-0.37859468189491285,0.48174552178625224
"('(2, 2)', '(4, 3)')",-0.3486678990737715,0.9494795694168133
"('(2, 2)', '(4, 4)')",-0.2742646722636364,0.3025700213340176
"('(2, 2)', '(4, 5)')",-0.8841893241499373,0.6827063635272974
"('(2, 3)', '(2, 4)')",0.4178401125031617,0.7465795445966233
"('(2, 3)', '(2, 5)')",0.2772961444673222,0.9066535654271037
"('(2, 3)', '(3, -5)')",0.5385298102267226,0.7840196180179854
"('(2, 3)', '(3, -4)')",0.5000422891769928,0.5953033760740764
"('(2, 3)', '(3, -3)')",0.44429257651618115,0.8206113100881689
"('(2, 3)', '(3, -2)')",0.4766794396505251,0.8823601010639768
"('(2, 3)', '(3, -1)')",0.5029555828745179,1.001511629099296
"('(2, 3)', '(3, 0)')",0.5675934978009288,0.7483256276863154
"('(2, 3)', '(3, 1)')",0.5145294028595631,0.7268509604136792
"('(2, 3)', '(3, 2)')",0.5036001606138084,0.8440246275746545
"('(2, 3)', '(3, 3)')",0.41616361618334474,0.8641190049737838
"('(2, 3)', '(3, 4)')",0.6864307283930646,0.6602961464258088
"('(2, 3)', '(3, 5)')",0.41607717056014604,0.628414148727239
"('(2, 3)', '(4, -5)')",0.5196816406534382,0.5661288704285898
"('(2, 3)', '(4, -4)')",0.3842574442376026,0.7628712093470787
"('(2, 3)', '(4, -3)')",0.29012882295244913,0.525842666902653
"('(2, 3)', '(4, -2)')",0.37216667717300417,0.4852148496132179
"('(2, 3)', '(4, -1)')",0.48934368676943757,0.6965412551971228
"('(2, 3)', '(4, 0)')",0.4421794126675383,0.9049730501462481
"('(2, 3)', '(4, 1)')",0.4598855453766413,0.6475669488567314
"('(2, 3)', '(4, 2)')",0.4360337665370027,0.6752883910469935
"('(2, 3)', '(4, 3)')",0.45752150422077753,0.8979739657492861
"('(2, 3)', '(4, 4)')",0.47563196784988526,0.5137985002779796
"('(2, 3)', '(4, 5)')",0.12876179875238578,0.7170043010564567
"('(2, 4)', '(2, 5)')",0.01179271964204387,0.8213826742453822
"('(2, 4)', '(3, -5)')",0.2878189968455124,0.7284584349856472
"('(2, 4)', '(3, -4)')",0.13437664908598185,0.5830148665062108
"('(2, 4)', '(3, -3)')",0.1800621995408273,0.803427378978557
"('(2, 4)', '(3, -2)')",0.21907025778137523,0.8999427273101185
"('(2, 4)', '(3, -1)')",0.35524446367814033,0.9211504721636458
"('(2, 4)', '(3, 0)')",0.2344118110194508,0.9056754478690012
"('(2, 4)', '(3, 1)')",0.14977657047859722,0.9234873229490629
"('(2, 4)', '(3, 2)')",0.2502409645170929,0.8394695966238261
"('(2, 4)', '(3, 3)')",0.16969133190999414,0.7737985224527136
"('(2, 4)', '(3, 4)')",0.3276113301604222,0.8674954996597755
"('(2, 4)', '(3, 5)')",0.017390738746019735,0.6838433083557512
"('(2, 4)', '(4, -5)')",0.07147454208358447,0.7361015317629883
"('(2, 4)', '(4, -4)')",0.07048669908455187,0.510402194083364
"('(2, 4)', '(4, -3)')",-0.17564988835777529,0.5679359521750668
"('(2, 4)', '(4, -2)')",-0.23904193505718974,0.5005265937904348
"('(2, 4)', '(4, -1)')",0.13985655252649046,0.8046952408065883
"('(2, 4)', '(4, 0)')",0.22957638145802728,0.7713287259400933
"('(2, 4)', '(4, 1)')",0.09131033455500787,0.7034194831695662
"('(2, 4)', '(4, 2)')",0.0715727414446059,0.7540818092585916
"('(2, 4)', '(4, 3)')",0.22972616025566917,0.8698541563809162
"('(2, 4)', '(4, 4)')",-0.007123827436257411,0.7414298336960379
"('(2, 4)', '(4, 5)')",-0.2424861120421932,0.5555827532185772
"('(2, 5)', '(3, -5)')",0.4333657563686532,0.4973189675130946
"('(2, 5)', '(3, -4)')",0.296926229908553,0.4541306154008214
"('(2, 5)', '(3, -3)')",0.364421149628484,0.4856589498119222
"('(2, 5)', '(3, -2)')",0.41467754214526187,0.4962057135005376
"('(2, 5)', '(3, -1)')",0.500456506853939,0.6156751749192975
"('(2, 5)', '(3, 0)')",0.44678018250700163,0.47884134020573377
"('(2, 5)', '(3, 1)')",0.39097067143107966,0.4771185199456303
"('(2, 5)', '(3, 2)')",0.43173114927304174,0.487929343247782
"('(2, 5)', '(3, 3)')",0.34566818639405245,0.500228583598482
"('(2, 5)', '(3, 4)')",0.5106394637155743,0.491232177421914
"('(2, 5)', '(3, 5)')",0.23194573488182038,0.4414022686803652
"('(2, 5)', '(4, -5)')",0.2834986440427094,0.4852761119917779
"('(2, 5)', '(4, -4)')",0.21854520278755443,0.43470458381980925
"('(2, 5)', '(4, -3)')",0.0553809958870481,0.4665054349739142
"('(2, 5)', '(4, -2)')",-0.02104875069139961,0.5466396216370923
"('(2, 5)', '(4, -1)')",0.3535455462767153,0.47447833639912024
"('(2, 5)', '(4, 0)')",0.38023694345784537,0.4638981418603477
"('(2, 5)', '(4, 1)')",0.3004693543102428,0.4393821770566639
"('(2, 5)', '(4, 2)')",0.27114944484341386,0.435205195558674
"('(2, 5)', '(4, 3)')",0.4328673549840867,0.4928327230026532
"('(2, 5)', '(4, 4)')",0.23408573659887102,0.4485770702563279
"('(2, 5)', '(4, 5)')",-0.05169168236639102,0.5439938362684323
"('(3, -5)', '(3, -4)')",0.5010671857521888,0.591389275712909
"('(3, -5)', '(3, -3)')",0.5424286151608421,0.5176356918743414
"('(3, -5)', '(3, -2)')",0.4977241587110971,0.4470415926571929
"('(3, -5)', '(3, -1)')",0.47958641325856494,0.5374477096297302
"('(3, -5)', '(3, 0)')",0.39565456747981065,0.42429149537988836
"('(3, -5)', '(3, 1)')",0.4404217715892601,0.5086017196303776
"('(3, -5)', '(3, 2)')",0.46323031261569664,0.4300356808470706
"('(3, -5)', '(3, 3)')",0.5672956969798876,0.5674944164376768
"('(3, -5)', '(3, 4)')",0.32489700207034766,0.42608775733562115
"('(3, -5)', '(3, 5)')",0.5579336563865083,0.5767182780634339
"('(3, -5)', '(4, -5)')",0.5405225508130398,0.7343508567258172
"('(3, -5)', '(4, -4)')",0.579813682510713,0.5446165977326066
"('(3, -5)', '(4, -3)')",0.6974910002657557,0.6760552441263913
"('(3, -5)', '(4, -2)')",0.7982280349004824,1.0559391800472493
"('(3, -5)', '(4, -1)')",0.4868933582549955,0.5588189149892067
"('(3, -5)', '(4, 0)')",0.5527740134881632,0.4099269108485963
"('(3, -5)', '(4, 1)')",0.49568751766544167,0.5430231760148062
"('(3, -5)', '(4, 2)')",0.6036227934336691,0.5607794958804504
"('(3, -5)', '(4, 3)')",0.4526844395494703,0.44847959706706525
"('(3, -5)', '(4, 4)')",0.5368575393555073,0.6542266032430861
"('(3, -5)', '(4, 5)')",0.9398901715132562,0.8115155475957928
"('(3, -4)', '(3, -3)')",0.13016598571090388,0.5259126598788145
"('(3, -4)', '(3, -2)')",0.11605174483895331,0.4908314140121978
"('(3, -4)', '(3, -1)')",0.13282435491573563,0.47035160519912916
"('(3, -4)', '(3, 0)')",0.10022921122633371,0.5389680223548373
"('(3, -4)', '(3, 1)')",0.08411795517751552,0.578903959735875
"('(3, -4)', '(3, 2)')",0.11822296492080697,0.4973801848331642
"('(3, -4)', '(3, 3)')",0.0947888634151921,0.5324130370494642
"('(3, -4)', '(3, 4)')",0.09087369795923844,0.5323126933008379
"('(3, -4)', '(3, 5)')",0.09620415993811039,0.5826957961518867
"('(3, -4)', '(4, -5)')",0.06674244671187386,0.6070366204825621
"('(3, -4)', '(4, -4)')",0.0766249574306927,0.612977279349516
"('(3, -4)', '(4, -3)')",0.1524241467532318,0.5400619296131417
"('(3, -4)', '(4, -2)')",0.04093701991888948,0.6574544832059565
"('(3, -4)', '(4, -1)')",0.09068294906616554,0.5812329675143597
"('(3, -4)', '(4, 0)')",0.1482989859287291,0.44396565100963636
"('(3, -4)', '(4, 1)')",0.11200371236531005,0.5477292526128291
"('(3, -4)', '(4, 2)')",0.15004854016539115,0.4982604276412523
"('(3, -4)', '(4, 3)')",0.14637846425915102,0.4912847042469712
"('(3, -4)', '(4, 4)')",0.08246063799162917,0.6115046128850943
"('(3, -4)', '(4, 5)')",0.12903203064792065,0.563755344444262
"('(3, -3)', '(3, -2)')",0.23980516284635417,0.6224976228752654
"('(3, -3)', '(3, -1)')",0.21759735471988895,0.5997439036880539
"('(3, -3)', '(3, 0)')",0.22794790414639898,0.5917647323532853
"('(3, -3)', '(3, 1)')",0.16706336221971535,0.7259342535845152
"('(3, -3)', '(3, 2)')",0.24156030464563222,0.5822298653573639
"('(3, -3)', '(3, 3)')",0.20453919364360001,0.638659118677251
"('(3, -3)', '(3, 4)')",0.3536337245650242,0.41295554474810703
"('(3, -3)', '(3, 5)')",0.21866307036615226,0.6567807902563026
"('(3, -3)', '(4, -5)')",0.31808376036438213,0.5233015873099653
"('(3, -3)', '(4, -4)')",0.18568963127613533,0.6828864642248782
"('(3, -3)', '(4, -3)')",0.3359594241980468,0.5554805575033452
"('(3, -3)', '(4, -2)')",0.46357462809215794,0.4186084060461644
"('(3, -3)', '(4, -1)')",0.1922669672140182,0.6941712406391428
"('(3, -3)', '(4, 0)')",0.305450517949988,0.6542977449695638
"('(3, -3)', '(4, 1)')",0.25307028177342467,0.5773195041866294
"('(3, -3)', '(4, 2)')",0.3818735688966745,0.543814326154985
"('(3, -3)', '(4, 3)')",0.18458654577229494,0.6641392550436428
"('(3, -3)', '(4, 4)')",0.2709492677526431,0.6167052752552743
"('(3, -3)', '(4, 5)')",0.24682722946881888,0.6829726403620671
"('(3, -2)', '(3, -1)')",0.7131059480240912,0.4986905367588678
"('(3, -2)', '(3, 0)')",0.6208873409409901,0.42368394643352086
"('(3, -2)', '(3, 1)')",0.6108300917325811,0.37665657358672355
"('(3, -2)', '(3, 2)')",0.6254454602636542,0.4249487937798977
"('(3, -2)', '(3, 3)')",0.6162399153444686,0.38654481673998153
"('(3, -2)', '(3, 4)')",0.6380059687431747,0.4821787073467208
"('(3, -2)', '(3, 5)')",0.5069187659571827,0.3037149655161731
"('(3, -2)', '(4, -5)')",0.590786794864396,0.3628072172021818
"('(3, -2)', '(4, -4)')",0.4666059775740341,0.30825231166902084
"('(3, -2)', '(4, -3)')",0.41713777577036715,0.24724021172813584
"('(3, -2)', '(4, -2)')",0.47015289872474736,0.35834809360879016
"('(3, -2)', '(4, -1)')",0.596828623908183,0.3654740614544888
"('(3, -2)', '(4, 0)')",0.6018354395760039,0.41614966005008364
"('(3, -2)', '(4, 1)')",0.5367542202112234,0.3424825943816859
"('(3, -2)', '(4, 2)')",0.5629151550215528,0.35434538573072816
"('(3, -2)', '(4, 3)')",0.6204752247088835,0.4163324371316092
"('(3, -2)', '(4, 4)')",0.5268401262199024,0.3097863781896526
"('(3, -2)', '(4, 5)')",0.4542393559535174,0.3239580810295529
"('(3, -1)', '(3, 0)')",0.5912310666905845,0.7341081230124221
"('(3, -1)', '(3, 1)')",0.5529103397475221,0.7152296999445419
"('(3, -1)', '(3, 2)')",0.5175049470439754,0.8442694602702582
"('(3, -1)', '(3, 3)')",0.4301573597842627,0.8792069101587072
"('(3, -1)', '(3, 4)')",0.7098834585786467,0.6468456175342354
"('(3, -1)', '(3, 5)')",0.4758902861408677,0.6385904299552007
"('(3, -1)', '(4, -5)')",0.608502495233444,0.5678939794070781
"('(3, -1)', '(4, -4)')",0.38412685556687326,0.7905288785172684
"('(3, -1)', '(4, -3)')",0.41289615451895856,0.5407623328336161
"('(3, -1)', '(4, -2)')",0.5228448616335166,0.5512019473198413
"('(3, -1)', '(4, -1)')",0.5428305299518773,0.6854730824467932
"('(3, -1)', '(4, 0)')",0.4469118558646025,0.9241701796869514
"('(3, -1)', '(4, 1)')",0.5202438892300867,0.6560621008165991
"('(3, -1)', '(4, 2)')",0.514316853955001,0.6638745106455558
"('(3, -1)', '(4, 3)')",0.4884514512874062,0.8997169937866795
"('(3, -1)', '(4, 4)')",0.5672144895790452,0.5176620103750129
"('(3, -1)', '(4, 5)')",0.23422803102477138,0.7292923062609413
"('(3, 0)', '(3, 1)')",0.2452284181840544,1.2383724331285242
"('(3, 0)', '(3, 2)')",0.42338854816100285,0.9477748156715902
"('(3, 0)', '(3, 3)')",0.3733060243729978,0.8765010256516255
"('(3, 0)', '(3, 4)')",0.4484180950727997,0.9746942908886516
"('(3, 0)', '(3, 5)')",0.15388285708790714,0.9258790718476325
"('(3, 0)', '(4, -5)')",0.15347047916575043,0.9617148733491773
"('(3, 0)', '(4, -4)')",0.31274737937393104,0.601360086896428
"('(3, 0)', '(4, -3)')",-0.026453737305658247,0.7867288135230187
"('(3, 0)', '(4, -2)')",-0.1339524929326838,0.7160986632047686
"('(3, 0)', '(4, -1)')",0.24117984319540936,1.0557274563611494
"('(3, 0)', '(4, 0)')",0.45229764791733723,0.794645336679863
"('(3, 0)', '(4, 1)')",0.24026008629733664,0.8752692992803411
"('(3, 0)', '(4, 2)')",0.20589919202308798,0.9151888753242949
"('(3, 0)', '(4, 3)')",0.39080750164413264,1.0299061836341648
"('(3, 0)', '(4, 4)')",0.06692612124264266,1.0517386157628918
"('(3, 0)', '(4, 5)')",-0.07657401306205816,0.7951954270075469
"('(3, 1)', '(3, 2)')",0.43808572350514136,0.7179622458326679
"('(3, 1)', '(3, 3)')",0.4267311801700642,0.6930161467267202
"('(3, 1)', '(3, 4)')",0.4776392608797482,0.7361857369048471
"('(3, 1)', '(3, 5)')",0.24327146968078853,0.5521120426578553
"('(3, 1)', '(4, -5)')",0.4143321818250032,0.6299821732347427
"('(3, 1)', '(4, -4)')",0.18195364256518068,0.5040355438302858
"('(3, 1)', '(4, -3)')",0.15976986764426923,0.45991941730396924
"('(3, 1)', '(4, -2)')",0.2780136585214836,0.6261321398820717
"('(3, 1)', '(4, -1)')",0.3777274681210901,0.6631479072621853
"('(3, 1)', '(4, 0)')",0.4236372200832152,0.6764317560059174
"('(3, 1)', '(4, 1)')",0.31541476182166833,0.5888854675030712
"('(3, 1)', '(4, 2)')",0.3797875199363334,0.6139226625149184
"('(3, 1)', '(4, 3)')",0.42465569695042693,0.7298398212500005
"('(3, 1)', '(4, 4)')",0.28205255671160545,0.5692791344631705
"('(3, 1)', '(4, 5)')",0.19079585788472322,0.6131783147371491
"('(3, 2)', '(3, 3)')",0.16043891254705084,1.0791865836822532
"('(3, 2)', '(3, 4)')",0.6228294189694915,0.6666558290097522
"('(3, 2)', '(3, 5)')",0.19746613527999715,0.6581835438722985
"('(3, 2)', '(4, -5)')",0.4701913274081958,0.4972841071994194
"('(3, 2)', '(4, -4)')",0.04165787526165162,0.9532795636632933
"('(3, 2)', '(4, -3)')",0.08930678657468594,0.45017366749664917
"('(3, 2)', '(4, -2)')",0.35545326378265146,0.6059603442497873
"('(3, 2)', '(4, -1)')",0.32744671802704234,0.7394657763706188
"('(3, 2)', '(4, 0)')",0.1922191746824251,1.1661031263499058
"('(3, 2)', '(4, 1)')",0.2737163889705813,0.6824740551427487
"('(3, 2)', '(4, 2)')",0.3076110426298551,0.6551988241524184
"('(3, 2)', '(4, 3)')",0.22476806280432898,1.1482345284278332
"('(3, 2)', '(4, 4)')",0.36179760427229557,0.42361397851585025
"('(3, 2)', '(4, 5)')",-0.15497197452470743,0.7949679881893851
"('(3, 3)', '(3, 4)')",0.16534191049022617,0.36841380917674177
"('(3, 3)', '(3, 5)')",0.3461011758656968,0.6571860335203672
"('(3, 3)', '(4, -5)')",0.28469274291734437,0.557227554130376
"('(3, 3)', '(4, -4)')",0.3760045407934278,0.6558805561228531
"('(3, 3)', '(4, -3)')",0.48506049816559543,0.7570149573291478
"('(3, 3)', '(4, -2)')",0.47148120774719077,0.8020640286017385
"('(3, 3)', '(4, -1)')",0.24788632198819788,0.5456844608084338
"('(3, 3)', '(4, 0)')",0.23555828276423302,0.4290743236717293
"('(3, 3)', '(4, 1)')",0.3002924561651714,0.5590151683279376
"('(3, 3)', '(4, 2)')",0.3171215678648787,0.5380460767537717
"('(3, 3)', '(4, 3)')",0.19239744900584,0.4506274006811128
"('(3, 3)', '(4, 4)')",0.33608040470864164,0.6648167324994727
"('(3, 3)', '(4, 5)')",0.5173880118702796,0.8371086918264513
"('(3, 4)', '(3, 5)')",0.2281554881092936,0.8542677194740872
"('(3, 4)', '(4, -5)')",0.5504951400252751,0.5796932882939995
"('(3, 4)', '(4, -4)')",0.03635567696859795,1.1269576475271486
"('(3, 4)', '(4, -3)')",0.13438119693337364,0.657911355383732
"('(3, 4)', '(4, -2)')",0.4740056785253081,0.3952441034249231
"('(3, 4)', '(4, -1)')",0.38912519961704095,0.9213031359953314
"('(3, 4)', '(4, 0)')",0.23417705515437365,1.3530522818139856
"('(3, 4)', '(4, 1)')",0.30602065592667116,0.8832532581224795
"('(3, 4)', '(4, 2)')",0.3579290009789653,0.8673450362108508
"('(3, 4)', '(4, 3)')",0.2894500141342511,1.3196509636553444
"('(3, 4)', '(4, 4)')",0.39933600275914977,0.5800386535404325
"('(3, 4)', '(4, 5)')",0.001335265053546586,0.9876962656378124
"('(3, 5)', '(4, -5)')",0.012324236162223057,0.42059143108037983
"('(3, 5)', '(4, -4)')",-0.03623094361200902,0.30906777968474103
"('(3, 5)', '(4, -3)')",-0.1412736278929417,0.1202599434857609
"('(3, 5)', '(4, -2)')",-0.31397426913280263,0.2873438946405605
"('(3, 5)', '(4, -1)')",0.10750915315782777,0.40776387872663883
"('(3, 5)', '(4, 0)')",0.19632288066703069,0.4103210823403466
"('(3, 5)', '(4, 1)')",0.06060566064533912,0.3300947465185506
"('(3, 5)', '(4, 2)')",0.08314725460150338,0.32580905472360727
"('(3, 5)', '(4, 3)')",0.2313959795262752,0.44260574059900026
"('(3, 5)', '(4, 4)')",-0.026433646674219817,0.30978596317127777
"('(3, 5)', '(4, 5)')",-0.22190030144500444,0.18623458105065926
"('(4, -5)', '(4, -4)')",-0.25157476514410554,0.934567858133481
"('(4, -5)', '(4, -3)')",-0.3281268253231721,0.6709157083335756
"('(4, -5)', '(4, -2)')",-0.20127405115290736,0.5197419468684749
"('(4, -5)', '(4, -1)')",-0.09680281796292811,1.0007508317279927
"('(4, -5)', '(4, 0)')",-0.08637920150069839,1.1259863369680347
"('(4, -5)', '(4, 1)')",-0.11430037682074956,0.8744851705727315
"('(4, -5)', '(4, 2)')",-0.09191848589621066,0.8440127102862303
"('(4, -5)', '(4, 3)')",-0.10609221170247085,1.2170040122737447
"('(4, -5)', '(4, 4)')",-0.12730936187376166,0.7916354945907625
"('(4, -5)', '(4, 5)')",-0.5559155013746507,0.8722656346065265
"('(4, -4)', '(4, -3)')",-0.14091782764319408,0.9912396335309458
"('(4, -4)', '(4, -2)')",0.08902722975708716,1.5531714436298194
"('(4, -4)', '(4, -1)')",0.12133376814146199,1.114087037640929
"('(4, -4)', '(4, 0)')",0.29222266639791133,0.8658406916460812
"('(4, -4)', '(4, 1)')",0.04253019232432015,0.9014550522078686
"('(4, -4)', '(4, 2)')",0.20876366294296578,1.0683992775825935
"('(4, -4)', '(4, 3)')",0.24104940226452948,1.0456112358786323
"('(4, -4)', '(4, 4)')",-0.05458463801325273,1.1171990715730948
"('(4, -4)', '(4, 5)')",0.018005011122885772,1.501206039305977
"('(4, -3)', '(4, -2)')",0.3964506047671786,0.46892652658924655
"('(4, -3)', '(4, -1)')",-0.12344043947410377,0.571713163625657
"('(4, -3)', '(4, 0)')",-0.41462973735195946,0.8540145879613928
"('(4, -3)', '(4, 1)')",-0.08651133222598817,0.5256192221047575
"('(4, -3)', '(4, 2)')",-0.09721497986804856,0.5299311994596309
"('(4, -3)', '(4, 3)')",-0.37091144075360594,0.847350043468365
"('(4, -3)', '(4, 4)')",0.11172950730607706,0.36145059902941884
"('(4, -3)', '(4, 5)')",0.012807797767863865,0.9238186714780501
"('(4, -2)', '(4, -1)')",-0.2871335829732948,0.5712424854145308
"('(4, -2)', '(4, 0)')",-0.1779539983242518,0.47447528880425716
"('(4, -2)', '(4, 1)')",-0.33835241407459204,0.4856238689278125
"('(4, -2)', '(4, 2)')",-0.31132457491901366,0.5139776499647594
"('(4, -2)', '(4, 3)')",-0.16359857150491752,0.568888989580873
"('(4, -2)', '(4, 4)')",-0.44588021821595636,0.5609866052111246
"('(4, -2)', '(4, 5)')",-0.6266545997402713,0.41888169080784515
"('(4, -1)', '(4, 0)')",0.5536002817617272,0.509065388557732
"('(4, -1)', '(4, 1)')",0.3453049275002147,0.47902645820401524
"('(4, -1)', '(4, 2)')",0.44831709514421597,0.5103287901767501
"('(4, -1)', '(4, 3)')",0.5324130992189207,0.594466656135038
"('(4, -1)', '(4, 4)')",0.29774124590452794,0.49120195118352633
"('(4, -1)', '(4, 5)')",0.3179983635810929,0.6925296211136599
"('(4, 0)', '(4, 1)')",0.3474762891433757,0.513522351932108
"('(4, 0)', '(4, 2)')",0.33377500565405915,0.5251356898364652
"('(4, 0)', '(4, 3)')",0.24260689531543828,0.7189700987143156
"('(4, 0)', '(4, 4)')",0.4430639334712231,0.43229199120520034
"('(4, 0)', '(4, 5)')",0.1720925096935281,0.7218880394420276
"('(4, 1)', '(4, 2)')",0.38344479409120735,1.2431807203572642
"('(4, 1)', '(4, 3)')",0.23766276196138347,1.1214212362749205
"('(4, 1)', '(4, 4)')",0.19071322607724714,1.371463595360457
"('(4, 1)', '(4, 5)')",0.5145380484253392,1.6748695425362332
"('(4, 2)', '(4, 3)')",0.359926019721468,0.43105090995347956
"('(4, 2)', '(4, 4)')",0.23688830761881974,0.3910663806066057
"('(4, 2)', '(4, 5)')",0.04017811611416969,0.44094514799346823
"('(4, 3)', '(4, 4)')",0.4411419985819913,0.43392642277510424
"('(4, 3)', '(4, 5)')",0.27341162239559136,0.33046936991970566
"('(4, 4)', '(4, 5)')",-0.04932672074537163,0.4254670791634312
